﻿[{"_id":{"$oid":"5c066f1feea61886696b3539"},"LINEA":"AYUDAS DE EMERGENCIA","SECTOR_DENOMINACION":"AYUDA Y SERVICIOS MATERIALES DE EMERGENCIA","TITULO":"ACCIÓN HUMANITARIA PARA ATENDER A LA POBLACIÓN AFECTADA POR EL TERREMOTO DE ECUADOR","PAIS":"PAÍSES EN SITUACIÓN DE EMERGENCIA HUMANITARIA","SUBVENCION_CONCEDIDA":50000,"TIPO_POBLACION":"POBLACIÓN EN GENERAL","ENTIDAD":"FUNDACIÓN UNICEF - COMITÉ ESPAÑOL","MODALIDAD":"ACCIÓN HUMANITARIA","ANYO":"2016","SECTOR_CAD":"720 AYUDAS DE EMERGENCIA","NUM":"SOLCHU/2016/0007"}
,{"_id":{"$oid":"5c066f1feea61886696b353a"},"LINEA":"AYUDAS DE EMERGENCIA","SECTOR_DENOMINACION":"AYUDA Y SERVICIOS MATERIALES DE EMERGENCIA","TITULO":"RESPUESTA RÁPIDA EN NUTRICIÓN Y APOYO PSICOSOCIAL PARA LOS MÁS VULNERABLES ENTRE LOS AFECTADOS POR EL TERREMOTO DE ECUADOR","PAIS":"PAÍSES EN SITUACIÓN DE EMERGENCIA HUMANITARIA","SUBVENCION_CONCEDIDA":50000,"TIPO_POBLACION":"POBLACIÓN EN GENERAL","ENTIDAD":"FUNDACIÓN ACCIÓN CONTRA EL HAMBRE","MODALIDAD":"ACCIÓN HUMANITARIA","ANYO":"2016","SECTOR_CAD":"720 AYUDAS DE EMERGENCIA","NUM":"SOLCHU/2016/0009"}
,{"_id":{"$oid":"5c066f1feea61886696b353b"},"LINEA":"AYUDAS DE EMERGENCIA","SECTOR_DENOMINACION":"AYUDA Y SERVICIOS MATERIALES DE EMERGENCIA","TITULO":"RESPUESTA RÁPIDA EN NUTRICIÓN Y APOYO PSICOSOCIAL PARA LOS MÁS VULNERABLES ENTRE LOS AFECTADOS POR EL TERREMOTO DE ECUADOR","PAIS":"PAÍSES EN SITUACIÓN DE EMERGENCIA HUMANITARIA","SUBVENCION_CONCEDIDA":50000,"TIPO_POBLACION":"POBLACIÓN EN GENERAL","ENTIDAD":"FUNDACIÓN ACCIÓN CONTRA EL HAMBRE","MODALIDAD":"ACCIÓN HUMANITARIA","ANYO":"2016","SECTOR_CAD":"720 AYUDAS DE EMERGENCIA","NUM":"SOLCHU/2016/0009"}
,{"_id":{"$oid":"5c066f1feea61886696b353c"},"LINEA":"AYUDAS DE EMERGENCIA","SECTOR_DENOMINACION":"AYUDA Y SERVICIOS MATERIALES DE EMERGENCIA","TITULO":"APOYO PSICOSOCIAL Y REDUCCIÓN DE LA VIOLENCIA DE GÉNERO Y VIOLENCIA SEXUAL EN LA POBLACIÓN AFECTADA POR EL TERREMOTO DE ECUADOR EN LAS LOCALIDADES DE PORTOVIEJO Y CANOA","PAIS":"PAÍSES EN SITUACIÓN DE EMERGENCIA HUMANITARIA","SUBVENCION_CONCEDIDA":50000,"TIPO_POBLACION":"POBLACIÓN EN GENERAL","ENTIDAD":"FUNDACIÓN ALIANZA POR LOS DERECHOS, LA IGUALDAD Y LA SOLIDARIDAD INTERNACIONAL","MODALIDAD":"ACCIÓN HUMANITARIA","ANYO":"2016","SECTOR_CAD":"720 AYUDAS DE EMERGENCIA","NUM":"SOLCHU/2016/0010"}
,{"_id":{"$oid":"5c066f1feea61886696b353d"},"LINEA":"AYUDAS DE EMERGENCIA","SECTOR_DENOMINACION":"AYUDA Y SERVICIOS MATERIALES DE EMERGENCIA","TITULO":"APOYO PSICOSOCIAL Y REDUCCIÓN DE LA VIOLENCIA DE GÉNERO Y VIOLENCIA SEXUAL EN LA POBLACIÓN AFECTADA POR EL TERREMOTO DE ECUADOR EN LAS LOCALIDADES DE PORTOVIEJO Y CANOA","PAIS":"PAÍSES EN SITUACIÓN DE EMERGENCIA HUMANITARIA","SUBVENCION_CONCEDIDA":50000,"TIPO_POBLACION":"POBLACIÓN EN GENERAL","ENTIDAD":"FUNDACIÓN ALIANZA POR LOS DERECHOS, LA IGUALDAD Y LA SOLIDARIDAD INTERNACIONAL","MODALIDAD":"ACCIÓN HUMANITARIA","ANYO":"2016","SECTOR_CAD":"720 AYUDAS DE EMERGENCIA","NUM":"SOLCHU/2016/0010"}
,{"_id":{"$oid":"5c066f1feea61886696b353e"},"LINEA":"AYUDAS DE EMERGENCIA","SECTOR_DENOMINACION":"AYUDA Y SERVICIOS MATERIALES DE EMERGENCIA","TITULO":"AYUDA DE EMERGENCIA PARA LOS NIÑOS, NIÑAS Y ADOLESCENTES Y SUS FAMILIAS POR EL TERREMOTO EN LA PROVINCIA DE MANABÍ, ECUADOR","PAIS":"PAÍSES EN SITUACIÓN DE EMERGENCIA HUMANITARIA","SUBVENCION_CONCEDIDA":50000,"TIPO_POBLACION":"POBLACIÓN EN GENERAL","ENTIDAD":"FUNDACIÓN SAVE THE CHILDREN","MODALIDAD":"ACCIÓN HUMANITARIA","ANYO":"2016","SECTOR_CAD":"720 AYUDAS DE EMERGENCIA","NUM":"SOLCHU/2016/0008"}
,{"_id":{"$oid":"5c066f1feea61886696b353f"},"LINEA":"AYUDAS DE EMERGENCIA","SECTOR_DENOMINACION":"AYUDA Y SERVICIOS MATERIALES DE EMERGENCIA","TITULO":"ACCIÓN HUMANITARIA PARA ATENDER A LA POBLACIÓN AFECTADA POR EL HURACÁN MATTHEW EN HAITÍ.","PAIS":"PAÍSES EN SITUACIÓN DE EMERGENCIA HUMANITARIA","SUBVENCION_CONCEDIDA":50000,"TIPO_POBLACION":"POBLACIÓN EN GENERAL","ENTIDAD":"FUNDACIÓN UNICEF - COMITÉ ESPAÑOL","MODALIDAD":"ACCIÓN HUMANITARIA","ANYO":"2016","SECTOR_CAD":"720 AYUDAS DE EMERGENCIA","NUM":"SOLCHU/2016/0011"}
,{"_id":{"$oid":"5c066f1feea61886696b3540"},"LINEA":"AYUDAS DE EMERGENCIA","SECTOR_DENOMINACION":"AYUDA Y SERVICIOS MATERIALES DE EMERGENCIA","TITULO":"ACCIÓN HUMANITARIA PARA ATENDER A LA POBLACIÓN AFECTADA POR EL HURACÁN MATTHEW EN HAITÍ.","PAIS":"PAÍSES EN SITUACIÓN DE EMERGENCIA HUMANITARIA","SUBVENCION_CONCEDIDA":50000,"TIPO_POBLACION":"POBLACIÓN EN GENERAL","ENTIDAD":"FUNDACIÓN UNICEF - COMITÉ ESPAÑOL","MODALIDAD":"ACCIÓN HUMANITARIA","ANYO":"2016","SECTOR_CAD":"720 AYUDAS DE EMERGENCIA","NUM":"SOLCHU/2016/0011"}
,{"_id":{"$oid":"5c066f1feea61886696b3541"},"LINEA":"AYUDAS DE EMERGENCIA","SECTOR_DENOMINACION":"AYUDA Y SERVICIOS MATERIALES DE EMERGENCIA","TITULO":"AYUDA DE EMERGENCIA PARA LOS NIÑOS, NIÑAS Y ADOLESCENTES Y SUS FAMILIAS AFECTADOS POR EL HURACÁN MATTHEW EN HAITÍ.","PAIS":"PAÍSES EN SITUACIÓN DE EMERGENCIA HUMANITARIA","SUBVENCION_CONCEDIDA":50000,"TIPO_POBLACION":"POBLACIÓN EN GENERAL","ENTIDAD":"FUNDACIÓN SAVE THE CHILDREN","MODALIDAD":"ACCIÓN HUMANITARIA","ANYO":"2016","SECTOR_CAD":"720 AYUDAS DE EMERGENCIA","NUM":"SOLCHU/2016/0012"}
,{"_id":{"$oid":"5c066f1feea61886696b3542"},"LINEA":"AYUDAS DE EMERGENCIA","SECTOR_DENOMINACION":"AYUDA Y SERVICIOS MATERIALES DE EMERGENCIA","TITULO":"AYUDA DE EMERGENCIA PARA LOS NIÑOS, NIÑAS Y ADOLESCENTES Y SUS FAMILIAS AFECTADOS POR EL HURACÁN MATTHEW EN HAITÍ.","PAIS":"PAÍSES EN SITUACIÓN DE EMERGENCIA HUMANITARIA","SUBVENCION_CONCEDIDA":50000,"TIPO_POBLACION":"POBLACIÓN EN GENERAL","ENTIDAD":"FUNDACIÓN SAVE THE CHILDREN","MODALIDAD":"ACCIÓN HUMANITARIA","ANYO":"2016","SECTOR_CAD":"720 AYUDAS DE EMERGENCIA","NUM":"SOLCHU/2016/0012"}
,{"_id":{"$oid":"5c066f1feea61886696b3543"},"LINEA":"CONVOCATORIA DE DESARROLLO","SECTOR_DENOMINACION":"FORMACIÓN PROFESIONAL","TITULO":"FORMACIÓN PROFESIONAL Y EN EMPRENDIMIENTO A MUJERES DE LAS ZONAS RURALES DE CARAZO, Y AMPLIACIÓN Y MEJORA DE LA INFRAESTRUCTURA DE SU CENTRO DE FORMACIÓN","PAIS":"NICARAGUA","SUBVENCION_CONCEDIDA":165512.65,"TIPO_POBLACION":"INFANCIA Y JUVENTUD. POBLACIÓN FEMENINA","ENTIDAD":"FUNDACIÓN MAINEL","MODALIDAD":"CAD","ANYO":"2016","SECTOR_CAD":"113 EDUCACIÓN SECUNDARIA","NUM":"SOLPCD/2016/0001"}
,{"_id":{"$oid":"5c066f1feea61886696b3544"},"LINEA":"CONVOCATORIA DE DESARROLLO","SECTOR_DENOMINACION":"FORMACIÓN PROFESIONAL","TITULO":"FORMACIÓN PROFESIONAL Y EN EMPRENDIMIENTO A MUJERES DE LAS ZONAS RURALES DE CARAZO, Y AMPLIACIÓN Y MEJORA DE LA INFRAESTRUCTURA DE SU CENTRO DE FORMACIÓN","PAIS":"NICARAGUA","SUBVENCION_CONCEDIDA":165512.65,"TIPO_POBLACION":"INFANCIA Y JUVENTUD. POBLACIÓN FEMENINA","ENTIDAD":"FUNDACIÓN MAINEL","MODALIDAD":"CAD","ANYO":"2016","SECTOR_CAD":"113 EDUCACIÓN SECUNDARIA","NUM":"SOLPCD/2016/0001"}
,{"_id":{"$oid":"5c066f1feea61886696b3545"},"LINEA":"AYUDAS DE EMERGENCIA","SECTOR_DENOMINACION":"AYUDA A LA RECONSTRUCCIÓN","TITULO":"APOYO A FAMILIAS DE LA 5ª SECCIÓN DE BAINET TRAS LOS DAÑOS EN AGRICULTURA PRODUCIDOS POR EL CICLÓN TOMÁS Y FORTALECER SUS CAPACIDADES DE RESPUESTA FRENTE A DESASTRES NATURALES Y EPIDEMIAS","PAIS":"PAÍSES EN SITUACIÓN DE EMERGENCIA HUMANITARIA","SUBVENCION_CONCEDIDA":155721.26,"TIPO_POBLACION":"POBLACIÓN EN GENERAL","ENTIDAD":"SOLIDARIDAD INTERNACIONAL DEL PAÍS VALENCIANO","MODALIDAD":"ACCIÓN HUMANITARIA","ANYO":"2016","SECTOR_CAD":"730 AYUDA A LA RECONSTRUCCIÓN","NUM":"9028/2011"}
,{"_id":{"$oid":"5c066f1feea61886696b3546"},"LINEA":"CONVOCATORIA DE DESARROLLO","SECTOR_DENOMINACION":"DESARROLLO AGRARIO","TITULO":"FORTALECIMIENTO DEL SISTEMA PRODUCTIVO AGROPECUARIO, EN EL MARCO DE LAS POLÍTICAS MUNICIPALES DE DESARROLLO LOCAL SOSTENIBLE, EN LA ZONA DE TRANSICIÓN ANDINO-YUNGAS, DE LA CORDILLERA TUNAI DEL MUNICIPIO DE TIQUIPAYA (BOLIVIA)","PAIS":"BOLIVIA","SUBVENCION_CONCEDIDA":203722.06,"TIPO_POBLACION":"SIN DEFINIR","ENTIDAD":"FUNDACIÓN MUSOL","MODALIDAD":"CAD","ANYO":"2016","SECTOR_CAD":"311 AGRICULTURA","NUM":"SOLPCD/2016/0003"}
,{"_id":{"$oid":"5c066f1feea61886696b3547"},"LINEA":"AYUDAS DE EMERGENCIA","SECTOR_DENOMINACION":"AYUDA Y SERVICIOS MATERIALES DE EMERGENCIA","TITULO":"AYUDA DE EMERGENCIA PARA LOS NIÑOS, NIÑAS Y ADOLESCENTES Y SUS FAMILIAS POR EL TERREMOTO EN LA PROVINCIA DE MANABÍ, ECUADOR","PAIS":"PAÍSES EN SITUACIÓN DE EMERGENCIA HUMANITARIA","SUBVENCION_CONCEDIDA":50000,"TIPO_POBLACION":"POBLACIÓN EN GENERAL","ENTIDAD":"FUNDACIÓN SAVE THE CHILDREN","MODALIDAD":"ACCIÓN HUMANITARIA","ANYO":"2016","SECTOR_CAD":"720 AYUDAS DE EMERGENCIA","NUM":"SOLCHU/2016/0008"}
,{"_id":{"$oid":"5c066f1feea61886696b3548"},"LINEA":"CONVOCATORIA DE DESARROLLO","SECTOR_DENOMINACION":"DESARROLLO AGRARIO","TITULO":"FORTALECIMIENTO DEL SISTEMA PRODUCTIVO AGROPECUARIO, EN EL MARCO DE LAS POLÍTICAS MUNICIPALES DE DESARROLLO LOCAL SOSTENIBLE, EN LA ZONA DE TRANSICIÓN ANDINO-YUNGAS, DE LA CORDILLERA TUNAI DEL MUNICIPIO DE TIQUIPAYA (BOLIVIA)","PAIS":"BOLIVIA","SUBVENCION_CONCEDIDA":203722.06,"TIPO_POBLACION":"SIN DEFINIR","ENTIDAD":"FUNDACIÓN MUSOL","MODALIDAD":"CAD","ANYO":"2016","SECTOR_CAD":"311 AGRICULTURA","NUM":"SOLPCD/2016/0003"}
,{"_id":{"$oid":"5c066f1feea61886696b3549"},"LINEA":"AYUDAS DE EMERGENCIA","SECTOR_DENOMINACION":"AYUDA Y SERVICIOS MATERIALES DE EMERGENCIA","TITULO":"ACCIÓN HUMANITARIA PARA ATENDER A LA POBLACIÓN AFECTADA POR EL TERREMOTO DE ECUADOR","PAIS":"PAÍSES EN SITUACIÓN DE EMERGENCIA HUMANITARIA","SUBVENCION_CONCEDIDA":50000,"TIPO_POBLACION":"POBLACIÓN EN GENERAL","ENTIDAD":"FUNDACIÓN UNICEF - COMITÉ ESPAÑOL","MODALIDAD":"ACCIÓN HUMANITARIA","ANYO":"2016","SECTOR_CAD":"720 AYUDAS DE EMERGENCIA","NUM":"SOLCHU/2016/0007"}
,{"_id":{"$oid":"5c066f1feea61886696b354a"},"LINEA":"CONVOCATORIA DE DESARROLLO","SECTOR_DENOMINACION":"DESARROLLO AGRARIO","TITULO":"MEJORA DE LAS CONDICIONES DE VIDA DE ALS COMUNIDADES INDÍGENAS CAMPESINAS DEL MUNICIPIO DE CHAQUI, DPTO DE POTOSÍ,CONSOLIDANDO SU SEGURIDAD ALIMENTARIA MEDIANTE LA IMPLEMENTACIÓN DE UN SISTEMA PRODUCTIVO AGROECOLÓGICO","PAIS":"BOLIVIA","SUBVENCION_CONCEDIDA":278957.63,"TIPO_POBLACION":"POBLACIÓN EN GENERAL","ENTIDAD":"MANOS UNIDAS COMITÉ CATÓLICO DE LA CAMPAÑA CONTRA EL HAMBRE EN EL MUNDO","MODALIDAD":"CAD","ANYO":"2016","SECTOR_CAD":"311 AGRICULTURA","NUM":"SOLPCD/2016/0006"}
,{"_id":{"$oid":"5c066f1feea61886696b354b"},"LINEA":"CONVOCATORIA DE DESARROLLO","SECTOR_DENOMINACION":"ABASTECIMIENTO BÁSICO DE AGUA POTABLE ","TITULO":"CONTRIBUIR AL PLENO EJERCICIO DEL DERECHO AL AGUA DE CALIDAD Y DEL DERECHO A LA PARTICIPACIÓN, DE 464 PERSONAS DE LA COMUNIDAD EL CHAPARRAL Y SANTIAGO TORRES DEL MUNICIPIO DE EL PAISNAL. NORTE DE SAN SALVADOR-LA LIBERTAD","PAIS":"EL SALVADOR","SUBVENCION_CONCEDIDA":295760.32,"TIPO_POBLACION":"POBLACIÓN GENERAL","ENTIDAD":"ECOSOL","MODALIDAD":"CAD","ANYO":"2016","SECTOR_CAD":"140 ABASTECIMIENTO DE AGUA Y SANEAMIENTO","NUM":"SOLPCD/2016/0014"}
,{"_id":{"$oid":"5c066f1feea61886696b354c"},"LINEA":"CONVOCATORIA DE DESARROLLO","SECTOR_DENOMINACION":"CAPACITACIÓN BÁSICA DE JÓVENES Y ADULTOS","TITULO":"MEJORA DE LA COBERTURA, INCLUSIÓN Y CALIDAD EDUCATIVA EN CENTROS ESCOLARES DE EDUCACIÓN BÁSICA EN LOS MUNICIPIOS DE SACACOYO, TEPECOYO, JAYAQUE Y TALNIQUE, DPTO. DE LA LIBERTAD","PAIS":"EL SALVADOR","SUBVENCION_CONCEDIDA":240943.52,"TIPO_POBLACION":"INFANCIA, JUVENTUD, ADULTOS, ALUMNADO JOVEN VULNERABLE AUSENTE DEL SISTEMA ESCOLAR.","ENTIDAD":"CESAL","MODALIDAD":"CAD","ANYO":"2016","SECTOR_CAD":"112 EDUCACIÓN BÁSICA","NUM":"SOLPCD/2016/0013"}
,{"_id":{"$oid":"5c066f1feea61886696b354d"},"LINEA":"CONVOCATORIA DE DESARROLLO","SECTOR_DENOMINACION":"DESARROLLO AGRARIO","TITULO":"MEJORA DE LAS CONDICIONES DE VIDA DE ALS COMUNIDADES INDÍGENAS CAMPESINAS DEL MUNICIPIO DE CHAQUI, DPTO DE POTOSÍ,CONSOLIDANDO SU SEGURIDAD ALIMENTARIA MEDIANTE LA IMPLEMENTACIÓN DE UN SISTEMA PRODUCTIVO AGROECOLÓGICO","PAIS":"BOLIVIA","SUBVENCION_CONCEDIDA":278957.63,"TIPO_POBLACION":"POBLACIÓN EN GENERAL","ENTIDAD":"MANOS UNIDAS COMITÉ CATÓLICO DE LA CAMPAÑA CONTRA EL HAMBRE EN EL MUNDO","MODALIDAD":"CAD","ANYO":"2016","SECTOR_CAD":"311 AGRICULTURA","NUM":"SOLPCD/2016/0006"}
,{"_id":{"$oid":"5c066f1feea61886696b354e"},"LINEA":"CONVOCATORIA DE DESARROLLO","SECTOR_DENOMINACION":"ABASTECIMIENTO BÁSICO DE AGUA POTABLE ","TITULO":"CONTRIBUIR AL PLENO EJERCICIO DEL DERECHO AL AGUA DE CALIDAD Y DEL DERECHO A LA PARTICIPACIÓN, DE 464 PERSONAS DE LA COMUNIDAD EL CHAPARRAL Y SANTIAGO TORRES DEL MUNICIPIO DE EL PAISNAL. NORTE DE SAN SALVADOR-LA LIBERTAD","PAIS":"EL SALVADOR","SUBVENCION_CONCEDIDA":295760.32,"TIPO_POBLACION":"POBLACIÓN GENERAL","ENTIDAD":"ECOSOL","MODALIDAD":"CAD","ANYO":"2016","SECTOR_CAD":"140 ABASTECIMIENTO DE AGUA Y SANEAMIENTO","NUM":"SOLPCD/2016/0014"}
,{"_id":{"$oid":"5c066f1feea61886696b354f"},"LINEA":"CONVOCATORIA DE DESARROLLO","SECTOR_DENOMINACION":"EDUCACIÓN PRIMARIA","TITULO":"MEJORADA LA CALIDAD EDUCATIVA DEL ALUMNADO DE SEGUNDO Y TERCER CICLO DE EDUCACIÓN BÁSICA, LA ORGANIZACIÓN COMUNITARIA Y LAS OPORTUNIDADES LABORALES DE LOS/LAS JÓVENES DEL MUNICIPIO DE SANTA ANA","PAIS":"EL SALVADOR","SUBVENCION_CONCEDIDA":88411.47,"TIPO_POBLACION":"INFANCIA,JUVENTUD, PERSONAS MAYORES.","ENTIDAD":"LIGA ESPAÑOLA DE LA EDUCACIÓN Y LA CULTURA POPULAR","MODALIDAD":"CAD","ANYO":"2016","SECTOR_CAD":"112 EDUCACIÓN BÁSICA","NUM":"SOLPCD/2016/0019"}
,{"_id":{"$oid":"5c066f1feea61886696b3550"},"LINEA":"CONVOCATORIA DE DESARROLLO","SECTOR_DENOMINACION":"EDUCACIÓN PRIMARIA","TITULO":"MEJORADA LA CALIDAD EDUCATIVA DEL ALUMNADO DE SEGUNDO Y TERCER CICLO DE EDUCACIÓN BÁSICA, LA ORGANIZACIÓN COMUNITARIA Y LAS OPORTUNIDADES LABORALES DE LOS/LAS JÓVENES DEL MUNICIPIO DE SANTA ANA","PAIS":"EL SALVADOR","SUBVENCION_CONCEDIDA":88411.47,"TIPO_POBLACION":"INFANCIA,JUVENTUD, PERSONAS MAYORES.","ENTIDAD":"LIGA ESPAÑOLA DE LA EDUCACIÓN Y LA CULTURA POPULAR","MODALIDAD":"CAD","ANYO":"2016","SECTOR_CAD":"112 EDUCACIÓN BÁSICA","NUM":"SOLPCD/2016/0019"}
,{"_id":{"$oid":"5c066f1feea61886696b3551"},"LINEA":"CONVOCATORIA DE DESARROLLO","SECTOR_DENOMINACION":"CAPACITACIÓN BÁSICA DE JÓVENES Y ADULTOS","TITULO":"MEJORA DE LA COBERTURA, INCLUSIÓN Y CALIDAD EDUCATIVA EN CENTROS ESCOLARES DE EDUCACIÓN BÁSICA EN LOS MUNICIPIOS DE SACACOYO, TEPECOYO, JAYAQUE Y TALNIQUE, DPTO. DE LA LIBERTAD","PAIS":"EL SALVADOR","SUBVENCION_CONCEDIDA":240943.52,"TIPO_POBLACION":"INFANCIA, JUVENTUD, ADULTOS, ALUMNADO JOVEN VULNERABLE AUSENTE DEL SISTEMA ESCOLAR.","ENTIDAD":"CESAL","MODALIDAD":"CAD","ANYO":"2016","SECTOR_CAD":"112 EDUCACIÓN BÁSICA","NUM":"SOLPCD/2016/0013"}
,{"_id":{"$oid":"5c066f1feea61886696b3552"},"LINEA":"CONVOCATORIA DE DESARROLLO","SECTOR_DENOMINACION":"ATENCIÓN SALUD REPRODUCTIVA","TITULO":"FORTALECIMIENTO DE LAS CAPACIDADES DE LAS INSTITUCIONES PÚBLICAS, LAS ORGANIZACIONES DE LA SOCIEDAD DIVIL Y LAS REDES COMUNITARIAS PARA LA MEJORA DEL EJERCICIO DE LOS DERECHOS SEXUALES Y REPRODUCTIVOS, CON EL PROPÓSITO DE CONTRIBUIR A LA PREVENCIÓN Y LUCHA CONTRA LA VIOLENCIA HACIA LAS MUJERES, NIÑAS, NIÑOS Y ADOLESCENTES EN LOS MUNICIPIOS DE MATAGALPA","PAIS":"NICARAGUA","SUBVENCION_CONCEDIDA":243046.79,"TIPO_POBLACION":"INFANCIA Y JUVENTUD, POBLACIÓN GENERAL, POBLACIÓN FEMENINA PERSONAL TÉCNICO Y PROFESIONALES","ENTIDAD":"MÉDICOS DEL MUNDO","MODALIDAD":"CAD","ANYO":"2016","SECTOR_CAD":"130 PROGRAMAS/POLÍTICAS SOBRE POBLACIÓN Y SALUD REPRODUCTIVA","NUM":"SOLPCD/2016/0020"}
,{"_id":{"$oid":"5c066f1feea61886696b3553"},"LINEA":"CONVOCATORIA DE DESARROLLO","SECTOR_DENOMINACION":"ATENCIÓN SANITARIA BÁSICA","TITULO":"CONSOLIDACIÓN DEL SISTEMA DE SALUD FAMILIAR COMUNITARIA E INTERCULTURAL EN EL MUNICIPIO RURAL DE TACOBAMBA, BOLIVIA, EN CORRESPONDENCIA CON EL TERCER OBJETIVO DE DESARROLLO SOSTENIBLE: GARANTIZAR UNA VIDA SANA Y PROMOVER EL BIENESTAR PARA TODOS EN TODAS LAS EDADES","PAIS":"BOLIVIA","SUBVENCION_CONCEDIDA":272700.07,"TIPO_POBLACION":"INFANCIA Y JUVENTUD, ADULTOS, PERSONAS MAYORES Y POBLACIÓN EN GENERAL.","ENTIDAD":"FONTILLES","MODALIDAD":"CAD","ANYO":"2016","SECTOR_CAD":"122 SALUD BÁSICA","NUM":"SOLPCD/2016/0016"}
,{"_id":{"$oid":"5c066f1feea61886696b3554"},"LINEA":"CONVOCATORIA DE DESARROLLO","SECTOR_DENOMINACION":"ATENCIÓN SANITARIA BÁSICA","TITULO":"CONSOLIDACIÓN DEL SISTEMA DE SALUD FAMILIAR COMUNITARIA E INTERCULTURAL EN EL MUNICIPIO RURAL DE TACOBAMBA, BOLIVIA, EN CORRESPONDENCIA CON EL TERCER OBJETIVO DE DESARROLLO SOSTENIBLE: GARANTIZAR UNA VIDA SANA Y PROMOVER EL BIENESTAR PARA TODOS EN TODAS LAS EDADES","PAIS":"BOLIVIA","SUBVENCION_CONCEDIDA":272700.07,"TIPO_POBLACION":"INFANCIA Y JUVENTUD, ADULTOS, PERSONAS MAYORES Y POBLACIÓN EN GENERAL.","ENTIDAD":"FONTILLES","MODALIDAD":"CAD","ANYO":"2016","SECTOR_CAD":"122 SALUD BÁSICA","NUM":"SOLPCD/2016/0016"}
,{"_id":{"$oid":"5c066f1feea61886696b3555"},"LINEA":"CONVOCATORIA DE DESARROLLO","SECTOR_DENOMINACION":"ATENCIÓN SALUD REPRODUCTIVA","TITULO":"FORTALECIMIENTO DE LAS CAPACIDADES DE LAS INSTITUCIONES PÚBLICAS, LAS ORGANIZACIONES DE LA SOCIEDAD DIVIL Y LAS REDES COMUNITARIAS PARA LA MEJORA DEL EJERCICIO DE LOS DERECHOS SEXUALES Y REPRODUCTIVOS, CON EL PROPÓSITO DE CONTRIBUIR A LA PREVENCIÓN Y LUCHA CONTRA LA VIOLENCIA HACIA LAS MUJERES, NIÑAS, NIÑOS Y ADOLESCENTES EN LOS MUNICIPIOS DE MATAGALPA","PAIS":"NICARAGUA","SUBVENCION_CONCEDIDA":243046.79,"TIPO_POBLACION":"INFANCIA Y JUVENTUD, POBLACIÓN GENERAL, POBLACIÓN FEMENINA PERSONAL TÉCNICO Y PROFESIONALES","ENTIDAD":"MÉDICOS DEL MUNDO","MODALIDAD":"CAD","ANYO":"2016","SECTOR_CAD":"130 PROGRAMAS/POLÍTICAS SOBRE POBLACIÓN Y SALUD REPRODUCTIVA","NUM":"SOLPCD/2016/0020"}
,{"_id":{"$oid":"5c066f1feea61886696b3556"},"LINEA":"CONVOCATORIA DE DESARROLLO","SECTOR_DENOMINACION":"DESARROLLO AGRARIO","TITULO":"FORTALECIMIENTO DE LA ECONOMÍA RURAL FRENTE AL CAMBIO CLIMÁTICO, MEDIANTE ELIMPULSO DE INICIATIVAS DE AGROTURISMO CON ENFOQUE AMBIENTAL EN LOS DEPARTAMENTOS DE RIVAS Y MASAYA. NICARAGUA","PAIS":"NICARAGUA","SUBVENCION_CONCEDIDA":168227.13,"TIPO_POBLACION":"POBLACIÓN EN GENERAL","ENTIDAD":"PAU I SOLIDARITAT","MODALIDAD":"CAD","ANYO":"2016","SECTOR_CAD":"311 AGRICULTURA","NUM":"SOLPCD/2016/0021"}
,{"_id":{"$oid":"5c066f1feea61886696b3557"},"LINEA":"CONVOCATORIA DE DESARROLLO","SECTOR_DENOMINACION":"ATENCIÓN SANITARIA BÁSICA","TITULO":"CONSOLIDACIÓN DE LA ATENCIÓN PRIMARIA EN SALUD, EL SANEAMIENTO AMBIENTAL Y LA ARTICULACIÓN ENTRE LAS REDES INSTITUCIONAL Y COMUNITARIA DE SALUD EN TERRITORIOS DE KUKRA RIVER Y NUEVA GUINEA, RACCS. NICARAGUA","PAIS":"NICARAGUA","SUBVENCION_CONCEDIDA":231548.91,"TIPO_POBLACION":"POBLACIÓN GENERAL HOMBRES Y MUJERES. INFANCIA JUVENTUD Y PERSONAS MAYORES.","ENTIDAD":"FARMACÉUTICOS MUNDI","MODALIDAD":"CAD","ANYO":"2016","SECTOR_CAD":"122 SALUD BÁSICA","NUM":"SOLPCD/2016/0024"}
,{"_id":{"$oid":"5c066f1feea61886696b3558"},"LINEA":"CONVOCATORIA DE DESARROLLO","SECTOR_DENOMINACION":"ATENCIÓN SANITARIA BÁSICA","TITULO":"CONSOLIDACIÓN DE LA ATENCIÓN PRIMARIA EN SALUD, EL SANEAMIENTO AMBIENTAL Y LA ARTICULACIÓN ENTRE LAS REDES INSTITUCIONAL Y COMUNITARIA DE SALUD EN TERRITORIOS DE KUKRA RIVER Y NUEVA GUINEA, RACCS. NICARAGUA","PAIS":"NICARAGUA","SUBVENCION_CONCEDIDA":231548.91,"TIPO_POBLACION":"POBLACIÓN GENERAL HOMBRES Y MUJERES. INFANCIA JUVENTUD Y PERSONAS MAYORES.","ENTIDAD":"FARMACÉUTICOS MUNDI","MODALIDAD":"CAD","ANYO":"2016","SECTOR_CAD":"122 SALUD BÁSICA","NUM":"SOLPCD/2016/0024"}
,{"_id":{"$oid":"5c066f1feea61886696b3559"},"LINEA":"CONVOCATORIA DE DESARROLLO","SECTOR_DENOMINACION":"ATENCIÓN SALUD REPRODUCTIVA","TITULO":"FORTALECIMIENTO DE LA PERTINENCIA Y LA INTEGRIDAD DE LA ATENCIÓN EN SALUD SEXUAL Y REPRODUCTIVA DE LAS MUJERES INDÍGENAS EN TRES MUNICIPIOS DE LA REGIÓN NORTE DE HUEHUETENANGO. GUATEMALA","PAIS":"GUATEMALA","SUBVENCION_CONCEDIDA":271617.53,"TIPO_POBLACION":"MUJERES-POBLACIÓN INDÍGENA, INFANCIA Y JUVENTUD","ENTIDAD":"FARMACÉUTICOS MUNDI","MODALIDAD":"CAD","ANYO":"2016","SECTOR_CAD":"130 PROGRAMAS/POLÍTICAS SOBRE POBLACIÓN Y SALUD REPRODUCTIVA","NUM":"SOLPCD/2016/0027"}
,{"_id":{"$oid":"5c066f1feea61886696b355a"},"LINEA":"CONVOCATORIA DE DESARROLLO","SECTOR_DENOMINACION":"ATENCIÓN SALUD REPRODUCTIVA","TITULO":"FORTALECIMIENTO DE LA PERTINENCIA Y LA INTEGRIDAD DE LA ATENCIÓN EN SALUD SEXUAL Y REPRODUCTIVA DE LAS MUJERES INDÍGENAS EN TRES MUNICIPIOS DE LA REGIÓN NORTE DE HUEHUETENANGO. GUATEMALA","PAIS":"GUATEMALA","SUBVENCION_CONCEDIDA":271617.53,"TIPO_POBLACION":"MUJERES-POBLACIÓN INDÍGENA, INFANCIA Y JUVENTUD","ENTIDAD":"FARMACÉUTICOS MUNDI","MODALIDAD":"CAD","ANYO":"2016","SECTOR_CAD":"130 PROGRAMAS/POLÍTICAS SOBRE POBLACIÓN Y SALUD REPRODUCTIVA","NUM":"SOLPCD/2016/0027"}
,{"_id":{"$oid":"5c066f1feea61886696b355b"},"LINEA":"CONVOCATORIA DE DESARROLLO","SECTOR_DENOMINACION":"DESARROLLO AGRARIO","TITULO":"MEJORA DE LA SEGURIDAD ALIMENTARIA EN LA FRANJA DE GAZA A TRAVÉS LA REHABILITACIÓN DE TERRENOS AGRÍCOLAS E INVERNADEROS","PAIS":"TERRITORIOS PALESTINOS","SUBVENCION_CONCEDIDA":269062.47,"TIPO_POBLACION":"POBLACIÓN EN GENERAL","ENTIDAD":"FUNDACIÓN PROMOCIÓN SOCIAL DE LA CULTURA","MODALIDAD":"CAD","ANYO":"2016","SECTOR_CAD":"311 AGRICULTURA","NUM":"SOLPCD/2016/0032"}
,{"_id":{"$oid":"5c066f1feea61886696b355c"},"LINEA":"CONVOCATORIA DE DESARROLLO","SECTOR_DENOMINACION":"DESARROLLO AGRARIO","TITULO":"MEJORA DE LA SEGURIDAD ALIMENTARIA EN LA FRANJA DE GAZA A TRAVÉS LA REHABILITACIÓN DE TERRENOS AGRÍCOLAS E INVERNADEROS","PAIS":"TERRITORIOS PALESTINOS","SUBVENCION_CONCEDIDA":269062.47,"TIPO_POBLACION":"POBLACIÓN EN GENERAL","ENTIDAD":"FUNDACIÓN PROMOCIÓN SOCIAL DE LA CULTURA","MODALIDAD":"CAD","ANYO":"2016","SECTOR_CAD":"311 AGRICULTURA","NUM":"SOLPCD/2016/0032"}
,{"_id":{"$oid":"5c066f1feea61886696b355d"},"LINEA":"CONVOCATORIA DE DESARROLLO","SECTOR_DENOMINACION":"PRODUCCIÓN ALIMENTOS AGRÍCOLAS","TITULO":"SEGURIDAD ALIMENTARIA NUTRICIONAL Y PROMOCIÓN DE LA SALUD COMUNITARIA EN 17 COMUNIDADES POBRES DEL MUNICIPIO DE POCOATA","PAIS":"BOLIVIA","SUBVENCION_CONCEDIDA":311897.35,"TIPO_POBLACION":"POBLACIÓN INDÍGENA.","ENTIDAD":"JARIT ASOCIACIÓN CIVIL","MODALIDAD":"CAD","ANYO":"2016","SECTOR_CAD":"311 AGRICULTURA","NUM":"SOLPCD/2016/0033"}
,{"_id":{"$oid":"5c066f1feea61886696b355e"},"LINEA":"CONVOCATORIA DE DESARROLLO","SECTOR_DENOMINACION":"PRODUCCIÓN ALIMENTOS AGRÍCOLAS","TITULO":"SEGURIDAD ALIMENTARIA NUTRICIONAL Y PROMOCIÓN DE LA SALUD COMUNITARIA EN 17 COMUNIDADES POBRES DEL MUNICIPIO DE POCOATA","PAIS":"BOLIVIA","SUBVENCION_CONCEDIDA":311897.35,"TIPO_POBLACION":"POBLACIÓN INDÍGENA.","ENTIDAD":"JARIT ASOCIACIÓN CIVIL","MODALIDAD":"CAD","ANYO":"2016","SECTOR_CAD":"311 AGRICULTURA","NUM":"SOLPCD/2016/0033"}
,{"_id":{"$oid":"5c066f1feea61886696b355f"},"LINEA":"CONVOCATORIA DE DESARROLLO","SECTOR_DENOMINACION":"FORMACIÓN PROFESORES E INSTALACIONES EDUCATIVAS","TITULO":"MEJORA DE LA PRÁCTICA EDUCATIVA DE EDUCADORES Y EDUCADORAS PARA LA APLICACIÓN DEL MESC. COCHABAMBA. BOLIVIA","PAIS":"BOLIVIA","SUBVENCION_CONCEDIDA":80803.49,"TIPO_POBLACION":"POBLACIÓN INDÍGENA ADULTA, HOMBRES Y MUJERES.","ENTIDAD":"FUNDACIÓN INTERED","MODALIDAD":"CAD","ANYO":"2016","SECTOR_CAD":"111 EDUCACIÓN, NIVEL NO ESPECIFICADO","NUM":"SOLPCD/2016/0037"}
,{"_id":{"$oid":"5c066f1feea61886696b3560"},"LINEA":"CONVOCATORIA DE DESARROLLO","SECTOR_DENOMINACION":"ORGANIZACINES DE LA IGUALDAD DE LAS MUJERES","TITULO":"CONTRIBUYENDO A LA AUTONOMÍA ECONÓMICA DE LAS MUJERES Y EL DESARROLLO LOCAL INCLUSIVO EN EL DEPARTAMENTO DE COCHABAMBA","PAIS":"BOLIVIA","SUBVENCION_CONCEDIDA":242361.07,"TIPO_POBLACION":"POBLACIÓN INDÑIGENA ADULTA, HOMBRES Y MUJERES.","ENTIDAD":"FUNDACIÓN ALIANZA POR LOS DERECHOS, LA IGUALDAD Y LA SOLIDARIDAD INTERNACIONAL","MODALIDAD":"CAD","ANYO":"2016","SECTOR_CAD":"151 GOBIERNO Y SOCIEDAD CIVIL","NUM":"SOLPCD/2016/0034"}
,{"_id":{"$oid":"5c066f1feea61886696b3561"},"LINEA":"CONVOCATORIA DE DESARROLLO","SECTOR_DENOMINACION":"ORGANIZACINES DE LA IGUALDAD DE LAS MUJERES","TITULO":"CONTRIBUYENDO A LA AUTONOMÍA ECONÓMICA DE LAS MUJERES Y EL DESARROLLO LOCAL INCLUSIVO EN EL DEPARTAMENTO DE COCHABAMBA","PAIS":"BOLIVIA","SUBVENCION_CONCEDIDA":242361.07,"TIPO_POBLACION":"POBLACIÓN INDÑIGENA ADULTA, HOMBRES Y MUJERES.","ENTIDAD":"FUNDACIÓN ALIANZA POR LOS DERECHOS, LA IGUALDAD Y LA SOLIDARIDAD INTERNACIONAL","MODALIDAD":"CAD","ANYO":"2016","SECTOR_CAD":"151 GOBIERNO Y SOCIEDAD CIVIL","NUM":"SOLPCD/2016/0034"}
,{"_id":{"$oid":"5c066f1feea61886696b3562"},"LINEA":"CONVOCATORIA DE DESARROLLO","SECTOR_DENOMINACION":"ABASTECIMIENTO BÁSICO DE AGUA POTABLE Y SANEAMIENTO","TITULO":"ACCESO Y MANEJO SUSTENTABLE DEL AGUA Y DE LAS ECOTECNOLOGÍAS DE SANEAMIENTO EN CINCO COMUNIDADES RURALES DEL MUNICIPIO DE COMASAGUA, DEPARTAMENTO DE LA LIBERTAD. EL SALVADOR","PAIS":"EL SALVADOR","SUBVENCION_CONCEDIDA":301389.73,"TIPO_POBLACION":"POBLACIÓN EN GENERAL(HOMBRES Y MUJERES)","ENTIDAD":"ASOCIACIÓN PAZ  CON DIGNIDAD (PCD)","MODALIDAD":"CAD","ANYO":"2016","SECTOR_CAD":"140 ABASTECIMIENTO DE AGUA Y SANEAMIENTO","NUM":"SOLPCD/2016/0038"}
,{"_id":{"$oid":"5c066f1feea61886696b3563"},"LINEA":"CONVOCATORIA DE DESARROLLO","SECTOR_DENOMINACION":"ABASTECIMIENTO BÁSICO DE AGUA POTABLE Y SANEAMIENTO","TITULO":"ACCESO Y MANEJO SUSTENTABLE DEL AGUA Y DE LAS ECOTECNOLOGÍAS DE SANEAMIENTO EN CINCO COMUNIDADES RURALES DEL MUNICIPIO DE COMASAGUA, DEPARTAMENTO DE LA LIBERTAD. EL SALVADOR","PAIS":"EL SALVADOR","SUBVENCION_CONCEDIDA":301389.73,"TIPO_POBLACION":"POBLACIÓN EN GENERAL(HOMBRES Y MUJERES)","ENTIDAD":"ASOCIACIÓN PAZ  CON DIGNIDAD (PCD)","MODALIDAD":"CAD","ANYO":"2016","SECTOR_CAD":"140 ABASTECIMIENTO DE AGUA Y SANEAMIENTO","NUM":"SOLPCD/2016/0038"}
,{"_id":{"$oid":"5c066f1feea61886696b3564"},"LINEA":"CONVOCATORIA DE DESARROLLO","SECTOR_DENOMINACION":"EDUCACIÓN PRIMARIA","TITULO":"MEJORA LA PERMANENCIA EN EL SISTEMA EDUCATIVO DE NIÑAS (651) Y NIÑOS (809) DE 14 COMUNIDADES, EN LOS MUNICIPIOS DE JOCOTÁN, CAMOTÁN Y SAN JUAN ERMITA (CHIQUIMULA, GUATEMALA)","PAIS":"GUATEMALA","SUBVENCION_CONCEDIDA":303886.2,"TIPO_POBLACION":"PERSONAS MAYORES, INFANCIA, JÓVENES, MUJERES","ENTIDAD":"FUNDACIÓN ENTRECULTURAS  FE Y ALEGRIA BOLIVIA","MODALIDAD":"CAD","ANYO":"2016","SECTOR_CAD":"112 EDUCACION BASICA","NUM":"SOLPCD/2016/0049"}
,{"_id":{"$oid":"5c066f1feea61886696b3565"},"LINEA":"CONVOCATORIA DE DESARROLLO","SECTOR_DENOMINACION":"DERECHOS HUMANOS","TITULO":"EMPODERAMIENTO DE COMUNIDADES RURALES CON ENFOQUE DE DERECHOS, PARA EL IMPULSO DEL DESARROLLO SOSTENIBLE CON EQUIDAD DE GÉNERO EN GUATEMALA Y EL SALVADOR","PAIS":"GUATEMALA Y EL SALVADOR.","SUBVENCION_CONCEDIDA":192510.26,"TIPO_POBLACION":"POBLACIÓN INDÍGENA, MUJERES","ENTIDAD":"PERIFÈRIES DEL MÓN","MODALIDAD":"CAD","ANYO":"2016","SECTOR_CAD":"151 GOBIERNO Y SOCIEDAD CIVIL","NUM":"SOLPCD/2016/0050"}
,{"_id":{"$oid":"5c066f1feea61886696b3566"},"LINEA":"CONVOCATORIA DE DESARROLLO","SECTOR_DENOMINACION":"EDUCACIÓN PRIMARIA","TITULO":"MEJORA LA PERMANENCIA EN EL SISTEMA EDUCATIVO DE NIÑAS (651) Y NIÑOS (809) DE 14 COMUNIDADES, EN LOS MUNICIPIOS DE JOCOTÁN, CAMOTÁN Y SAN JUAN ERMITA (CHIQUIMULA, GUATEMALA)","PAIS":"GUATEMALA","SUBVENCION_CONCEDIDA":303886.12,"TIPO_POBLACION":"PERSONAS MAYORES, INFANCIA, JÓVENES, MUJERES","ENTIDAD":"FUNDACIÓN ENTRECULTURAS  FE Y ALEGRIA BOLIVIA","MODALIDAD":"CAD","ANYO":"2016","SECTOR_CAD":"112 EDUCACION BASICA","NUM":"SOLPCD/2016/0049"}
,{"_id":{"$oid":"5c066f1feea61886696b3567"},"LINEA":"CONVOCATORIA DE DESARROLLO","SECTOR_DENOMINACION":"DERECHOS HUMANOS","TITULO":"EMPODERAMIENTO DE COMUNIDADES RURALES CON ENFOQUE DE DERECHOS, PARA EL IMPULSO DEL DESARROLLO SOSTENIBLE CON EQUIDAD DE GÉNERO EN GUATEMALA Y EL SALVADOR","PAIS":"GUATEMALA Y EL SALVADOR.","SUBVENCION_CONCEDIDA":192510.26,"TIPO_POBLACION":"POBLACIÓN INDÍGENA, MUJERES","ENTIDAD":"PERIFÈRIES DEL MÓN","MODALIDAD":"CAD","ANYO":"2016","SECTOR_CAD":"151 GOBIERNO Y SOCIEDAD CIVIL","NUM":"SOLPCD/2016/0050"}
,{"_id":{"$oid":"5c066f1feea61886696b3568"},"LINEA":"CONVOCATORIA DE DESARROLLO","SECTOR_DENOMINACION":"INDUSTRIA ARTESANAL","TITULO":"CREACIÓN DE EMPLEOS DIGNOS Y DURADEROS PARA MUJERES CON DIVERSIDAD FUNCIONAL EN LA REGIÓN NATURAL DE LA CASAMANCE, SENEGAL","PAIS":"SENEGAL","SUBVENCION_CONCEDIDA":152793.82,"TIPO_POBLACION":"MUJERES","ENTIDAD":"AIDA AYUDA INTERCAMBIO Y DESARROLLO","MODALIDAD":"CAD","ANYO":"2016","SECTOR_CAD":"321 INDUSTRIA","NUM":"SOLPCD/2016/0052"}
,{"_id":{"$oid":"5c066f1feea61886696b3569"},"LINEA":"CONVOCATORIA DE DESARROLLO","SECTOR_DENOMINACION":"INDUSTRIA ARTESANAL","TITULO":"CREACIÓN DE EMPLEOS DIGNOS Y DURADEROS PARA MUJERES CON DIVERSIDAD FUNCIONAL EN LA REGIÓN NATURAL DE LA CASAMANCE, SENEGAL","PAIS":"SENEGAL","SUBVENCION_CONCEDIDA":152793.82,"TIPO_POBLACION":"MUJERES","ENTIDAD":"AIDA AYUDA INTERCAMBIO Y DESARROLLO","MODALIDAD":"CAD","ANYO":"2016","SECTOR_CAD":"321 INDUSTRIA","NUM":"SOLPCD/2016/0052"}
,{"_id":{"$oid":"5c066f1feea61886696b356a"},"LINEA":"CONVOCATORIA DE DESARROLLO","SECTOR_DENOMINACION":"DERECHOS HUMANOS","TITULO":"PROMOCIÓN DE LA IGUALDAD DE GÉNERO EN ESPACIOS DE PARTICIPACIÓN COMUNITARIA Y GENERACIÓN DE CONOCIMIENTOS PARA LA CONSTRUCCIÓN DE CAPACIDADES COMO ESTRATEGIA DE TRANSFORMACIÓN DE LA SOCIEDAD GAZATI","PAIS":"TERRITORIOS PALESTINOS","SUBVENCION_CONCEDIDA":203599.75,"TIPO_POBLACION":"JUVENTUD Y ADULTOS, POBLACIÓN DESPLAZADA Y REFUGIADA.","ENTIDAD":"ASOCIACIÓN COMITÉ ESPAÑOL DE LA UNRWA","MODALIDAD":"CAD","ANYO":"2016","SECTOR_CAD":"151 GOBIERNO Y SOCIEDAD CIVIL","NUM":"SOLPCD/2016/0056"}
,{"_id":{"$oid":"5c066f1feea61886696b356b"},"LINEA":"CONVOCATORIA DE DESARROLLO","SECTOR_DENOMINACION":"FORMACIÓN PROFESORES E INSTALACIONES EDUCATIVAS","TITULO":"MEJORA DE LA PRÁCTICA EDUCATIVA DE EDUCADORES Y EDUCADORAS PARA LA APLICACIÓN DEL MESC. COCHABAMBA. BOLIVIA","PAIS":"BOLIVIA","SUBVENCION_CONCEDIDA":80803.49,"TIPO_POBLACION":"POBLACIÓN INDÍGENA ADULTA, HOMBRES Y MUJERES.","ENTIDAD":"FUNDACIÓN INTERED","MODALIDAD":"CAD","ANYO":"2016","SECTOR_CAD":"111 EDUCACIÓN, NIVEL NO ESPECIFICADO","NUM":"SOLPCD/2016/0037"}
,{"_id":{"$oid":"5c066f1feea61886696b356c"},"LINEA":"CONVOCATORIA DE DESARROLLO","SECTOR_DENOMINACION":"DERECHOS HUMANOS","TITULO":"PROMOCIÓN DE LA IGUALDAD DE GÉNERO EN ESPACIOS DE PARTICIPACIÓN COMUNITARIA Y GENERACIÓN DE CONOCIMIENTOS PARA LA CONSTRUCCIÓN DE CAPACIDADES COMO ESTRATEGIA DE TRANSFORMACIÓN DE LA SOCIEDAD GAZATI","PAIS":"TERRITORIOS PALESTINOS","SUBVENCION_CONCEDIDA":203599.75,"TIPO_POBLACION":"JUVENTUD Y ADULTOS, POBLACIÓN DESPLAZADA Y REFUGIADA.","ENTIDAD":"ASOCIACIÓN COMITÉ ESPAÑOL DE LA UNRWA","MODALIDAD":"CAD","ANYO":"2016","SECTOR_CAD":"151 GOBIERNO Y SOCIEDAD CIVIL","NUM":"SOLPCD/2016/0056"}
,{"_id":{"$oid":"5c066f1feea61886696b356d"},"LINEA":"CONVOCATORIA DE DESARROLLO","SECTOR_DENOMINACION":"AYUDA ALIMENTARIA","TITULO":"PROMOCIÓN DE LA SEGURIDAD ALIMENTARIA Y EL EMPODERAMIENTO ECONÓMICO, POLÍTICO Y SOCIAL DE LAS MUJERES DE SANTA MARÍA DE PANTASMA","PAIS":"NICARAGUA","SUBVENCION_CONCEDIDA":320558.49,"TIPO_POBLACION":"ADULTOS, HOMBRES Y MUJERES","ENTIDAD":"FUNDACIÓN CODESPA","MODALIDAD":"CAD","ANYO":"2016","SECTOR_CAD":"520 AYUDA ALIMENTARIA PARA EL DESARROLLO/AYUDA A LA SEGURIDAD ALIMENTARIA","NUM":"SOLPCD/2016/0059"}
,{"_id":{"$oid":"5c066f1feea61886696b356e"},"LINEA":"CONVOCATORIA DE DESARROLLO","SECTOR_DENOMINACION":"MUJER Y DESARROLLO","TITULO":"PROMOVER LA IGUALDAD DE GÉNERO Y EMPODERAMIENTO SOCIO-ECONÓMICO DE LA MUJER RURAL EN EL TERRITORIO OCUPADO PALESTINO","PAIS":"TERRITORIOS PALESTINOS","SUBVENCION_CONCEDIDA":309747,"TIPO_POBLACION":"INFANCIA, MUJERES Y POBLACIÓN EN GENERAL","ENTIDAD":"ASAMBLEA DE COOPERACIÓN POR LA PAZ (ACPP)","MODALIDAD":"CAD","ANYO":"2016","SECTOR_CAD":"151 GOBIERNO Y SOCIEDAD CIVIL","NUM":"SOLPCD/2016/0060"}
,{"_id":{"$oid":"5c066f1feea61886696b356f"},"LINEA":"CONVOCATORIA DE DESARROLLO","SECTOR_DENOMINACION":"MUJER Y DESARROLLO","TITULO":"PROMOVER LA IGUALDAD DE GÉNERO Y EMPODERAMIENTO SOCIO-ECONÓMICO DE LA MUJER RURAL EN EL TERRITORIO OCUPADO PALESTINO","PAIS":"TERRITORIOS PALESTINOS","SUBVENCION_CONCEDIDA":309747,"TIPO_POBLACION":"INFANCIA, MUJERES Y POBLACIÓN EN GENERAL","ENTIDAD":"ASAMBLEA DE COOPERACIÓN POR LA PAZ (ACPP)","MODALIDAD":"CAD","ANYO":"2016","SECTOR_CAD":"151 GOBIERNO Y SOCIEDAD CIVIL","NUM":"SOLPCD/2016/0060"}
,{"_id":{"$oid":"5c066f1feea61886696b3570"},"LINEA":"CONVOCATORIA DE DESARROLLO","SECTOR_DENOMINACION":"ABASTECIMIENTO BÁSICO DE AGUA POTABLE","TITULO":"AUMENTO DEL ACCESO BÁSICO A AGUA EN SIETE COMUNIDADES DE SAN ILDEFONSO IXTAHUACAN, GUATEMALA. ACOMPAÑADO DE FORMACIÓN EN CALIDAD Y GESTIÓN DEL RECURSO HÍDRICO","PAIS":"GUATEMALA","SUBVENCION_CONCEDIDA":273947,"TIPO_POBLACION":"MUJERES Y POBLACIÓN INDÍGENA.","ENTIDAD":"ARQUITECTURA SIN FRONTERAS","MODALIDAD":"CAD","ANYO":"2016","SECTOR_CAD":"140 ABASTECIMIENTO DE AGUA Y SANEAMIENTO","NUM":"SOLPCD/2016/0067"}
,{"_id":{"$oid":"5c066f1feea61886696b3571"},"LINEA":"CONVOCATORIA DE DESARROLLO","SECTOR_DENOMINACION":"ABASTECIMIENTO BÁSICO DE AGUA POTABLE","TITULO":"AUMENTO DEL ACCESO BÁSICO A AGUA EN SIETE COMUNIDADES DE SAN ILDEFONSO IXTAHUACAN, GUATEMALA. ACOMPAÑADO DE FORMACIÓN EN CALIDAD Y GESTIÓN DEL RECURSO HÍDRICO","PAIS":"GUATEMALA","SUBVENCION_CONCEDIDA":273947,"TIPO_POBLACION":"MUJERES Y POBLACIÓN INDÍGENA.","ENTIDAD":"ARQUITECTURA SIN FRONTERAS","MODALIDAD":"CAD","ANYO":"2016","SECTOR_CAD":"140 ABASTECIMIENTO DE AGUA Y SANEAMIENTO","NUM":"SOLPCD/2016/0067"}
,{"_id":{"$oid":"5c066f1feea61886696b3572"},"LINEA":"CONVOCATORIA DE DESARROLLO","SECTOR_DENOMINACION":"ELIMINACIÓN-TRATAMIENTO DE RESIDUOS SÓLIDOS","TITULO":"GESTIÓN SOSTENIBLE Y EQUITATIVA DEL SANEAMIENTO AMBIENTAL, FORTALECIENDO LA GOBERNANZA MUNICIPAL Y LA PARTICIPACIÓN COMUNITARIA EN LOS MUNICIPIOS DE TOROLA, SAN FERNANDO, PERQUÍN Y MEANGUERA. EL SALVADOR","PAIS":"EL SALVADOR","SUBVENCION_CONCEDIDA":317332,"TIPO_POBLACION":"MUJERES,JÓVENES","ENTIDAD":"SOLIDARIDAD INTERNACIONAL DEL PAÍS VALENCIANO","MODALIDAD":"CAD","ANYO":"2016","SECTOR_CAD":"140 ABASTECIMIENTO DE AGUA Y SANEAMIENTO","NUM":"SOLPCD/2016/0072"}
,{"_id":{"$oid":"5c066f1feea61886696b3573"},"LINEA":"CONVOCATORIA DE DESARROLLO","SECTOR_DENOMINACION":"AYUDA ALIMENTARIA","TITULO":"PROMOCIÓN DE LA SEGURIDAD ALIMENTARIA Y EL EMPODERAMIENTO ECONÓMICO, POLÍTICO Y SOCIAL DE LAS MUJERES DE SANTA MARÍA DE PANTASMA","PAIS":"NICARAGUA","SUBVENCION_CONCEDIDA":320558.49,"TIPO_POBLACION":"ADULTOS, HOMBRES Y MUJERES","ENTIDAD":"FUNDACIÓN CODESPA","MODALIDAD":"CAD","ANYO":"2016","SECTOR_CAD":"520 AYUDA ALIMENTARIA PARA EL DESARROLLO/AYUDA A LA SEGURIDAD ALIMENTARIA","NUM":"SOLPCD/2016/0059"}
,{"_id":{"$oid":"5c066f1feea61886696b3574"},"LINEA":"CONVOCATORIA DE DESARROLLO","SECTOR_DENOMINACION":"ELIMINACIÓN-TRATAMIENTO DE RESIDUOS SÓLIDOS","TITULO":"GESTIÓN SOSTENIBLE Y EQUITATIVA DEL SANEAMIENTO AMBIENTAL, FORTALECIENDO LA GOBERNANZA MUNICIPAL Y LA PARTICIPACIÓN COMUNITARIA EN LOS MUNICIPIOS DE TOROLA, SAN FERNANDO, PERQUÍN Y MEANGUERA. EL SALVADOR","PAIS":"EL SALVADOR","SUBVENCION_CONCEDIDA":317332,"TIPO_POBLACION":"MUJERES,JÓVENES","ENTIDAD":"SOLIDARIDAD INTERNACIONAL DEL PAÍS VALENCIANO","MODALIDAD":"CAD","ANYO":"2016","SECTOR_CAD":"140 ABASTECIMIENTO DE AGUA Y SANEAMIENTO","NUM":"SOLPCD/2016/0072"}
,{"_id":{"$oid":"5c066f1feea61886696b3575"},"LINEA":"CONVOCATORIA DE DESARROLLO","SECTOR_DENOMINACION":"DESARROLLO AGRARIO ALTERNATIVO","TITULO":"FORTALECIDA LA SOBERANÍA ALIMENTARIA CON EQUIDAD DE GÉNERO EN EL DEPARTAMENTO DE MYF, REGIÓN DE KOLDA, SENEGAL","PAIS":"SENEGAL","SUBVENCION_CONCEDIDA":366993,"TIPO_POBLACION":"MUJERES","ENTIDAD":"SOLIDARIDAD INTERNACIONAL DEL PAÍS VALENCIANO","MODALIDAD":"CAD","ANYO":"2016","SECTOR_CAD":"311 AGRICULTURA","NUM":"SOLPCD/2016/0073"}
,{"_id":{"$oid":"5c066f1feea61886696b3576"},"LINEA":"CONVOCATORIA DE DESARROLLO","SECTOR_DENOMINACION":"DESARROLLO AGRARIO ALTERNATIVO","TITULO":"FORTALECIDA LA SOBERANÍA ALIMENTARIA CON EQUIDAD DE GÉNERO EN EL DEPARTAMENTO DE MYF, REGIÓN DE KOLDA, SENEGAL","PAIS":"SENEGAL","SUBVENCION_CONCEDIDA":366993,"TIPO_POBLACION":"MUJERES","ENTIDAD":"SOLIDARIDAD INTERNACIONAL DEL PAÍS VALENCIANO","MODALIDAD":"CAD","ANYO":"2016","SECTOR_CAD":"311 AGRICULTURA","NUM":"SOLPCD/2016/0073"}
,{"_id":{"$oid":"5c066f1feea61886696b3577"},"LINEA":"CONVOCATORIA DE DESARROLLO","SECTOR_DENOMINACION":"MUJER Y DESARROLLO AGRARIO","TITULO":"MEJORA DE LAS CONDICIONES DE TRABAJO Y LA PRODUCTIVIDAD DE 1,133 MUJERES PRODUCTORAS DE KARITÉ EN LA PROVINCIA DE ZIRO, BURKINA FASO: FASE II","PAIS":"BURKINA FASO","SUBVENCION_CONCEDIDA":159886,"TIPO_POBLACION":"MUJERES","ENTIDAD":"CRUZ ROJA COMUNIDAD VALENCIANA","MODALIDAD":"CAD","ANYO":"2016","SECTOR_CAD":"311 AGRICULTURA","NUM":"SOLPCD/2016/0074"}
,{"_id":{"$oid":"5c066f1feea61886696b3578"},"LINEA":"CONVOCATORIA DE DESARROLLO","SECTOR_DENOMINACION":"DERECHOS HUMANOS","TITULO":"FORTALECIMEINTO DE CAPACIDADES DE LAS REDES DE DEFENSORES/AS DE DDHH CON ENFOQUE DE GÉNERO EN EL SUROCCIDENTE DE GUATEMALA.","PAIS":"GUATEMALA","SUBVENCION_CONCEDIDA":51280,"TIPO_POBLACION":"POBLACIÓN INDÍGENA.","ENTIDAD":"MOVIMIENTO POR LA PAZ, EL DESARME Y LA LIBERTAD  MPDL","MODALIDAD":"CAD","ANYO":"2016","SECTOR_CAD":"151 GOBIERNO Y SOCIEDAD CIVIL","NUM":"SOLPCD/2016/46"}
,{"_id":{"$oid":"5c066f1feea61886696b3579"},"LINEA":"CONVOCATORIA DE DESARROLLO","SECTOR_DENOMINACION":"MUJER Y DESARROLLO AGRARIO","TITULO":"MEJORA DE LAS CONDICIONES DE TRABAJO Y LA PRODUCTIVIDAD DE 1,133 MUJERES PRODUCTORAS DE KARITÉ EN LA PROVINCIA DE ZIRO, BURKINA FASO: FASE II","PAIS":"BURKINA FASO","SUBVENCION_CONCEDIDA":159886,"TIPO_POBLACION":"MUJERES","ENTIDAD":"CRUZ ROJA COMUNIDAD VALENCIANA","MODALIDAD":"CAD","ANYO":"2016","SECTOR_CAD":"311 AGRICULTURA","NUM":"SOLPCD/2016/0074"}
,{"_id":{"$oid":"5c066f1feea61886696b357a"},"LINEA":"CONVENIO DE COLABORACIÓN","SECTOR_DENOMINACION":"AYUDA Y SERVICIOS MATERIALES DE EMERGENCIA","TITULO":"MEJORA DEL ACCESO AL DERECHO A LA EDUCACIÓN PRIMARIA DE LA POBLACIÓN INFANTIL AFECTADA POR LA EMERGENCIA EN SIRIA.","PAIS":"PAÍSES EN SITUACIÓN DE EMERGENCIA HUMANITARIA","SUBVENCION_CONCEDIDA":150,"TIPO_POBLACION":"POBLACIÓN EN GENERAL","ENTIDAD":"UNRWA","MODALIDAD":"CONVENIOS","ANYO":"2016","SECTOR_CAD":"720 AYUDAS DE EMERGENCIA","NUM":"SOLCHU/2016/0001"}
,{"_id":{"$oid":"5c066f1feea61886696b357b"},"LINEA":"CONVENIO DE COLABORACIÓN","SECTOR_DENOMINACION":"AYUDA Y SERVICIOS MATERIALES DE EMERGENCIA","TITULO":"MEJORA DEL ACCESO AL DERECHO A LA EDUCACIÓN PRIMARIA DE LA POBLACIÓN INFANTIL AFECTADA POR LA EMERGENCIA EN SIRIA.","PAIS":"PAÍSES EN SITUACIÓN DE EMERGENCIA HUMANITARIA","SUBVENCION_CONCEDIDA":150,"TIPO_POBLACION":"POBLACIÓN EN GENERAL","ENTIDAD":"UNRWA","MODALIDAD":"CONVENIOS","ANYO":"2016","SECTOR_CAD":"720 AYUDAS DE EMERGENCIA","NUM":"SOLCHU/2016/0001"}
,{"_id":{"$oid":"5c066f1feea61886696b357c"},"LINEA":"CONVENIO DE COLABORACIÓN","SECTOR_DENOMINACION":"AYUDA Y SERVICIOS MATERIALES DE EMERGENCIA","TITULO":"ACCIÓN HUMANITARIA A TRAVÉS DEL CENTRO LOGÍSTICO DE EMERGENCIAS INTERNACIONALES DE LA COMUNIDAD VALENCIANA - AÑO 2016.","PAIS":"PAÍSES EN SITUACIÓN DE EMERGENCIA HUMANITARIA","SUBVENCION_CONCEDIDA":22500,"TIPO_POBLACION":"POBLACIÓN EN GENERAL","ENTIDAD":"CRUZ ROJA","MODALIDAD":"CONVENIOS","ANYO":"2016","SECTOR_CAD":"720 AYUDAS DE EMERGENCIA","NUM":"SOLCHU/2016/0002"}
,{"_id":{"$oid":"5c066f1feea61886696b357d"},"LINEA":"CONVENIO DE COLABORACIÓN","SECTOR_DENOMINACION":"AYUDA Y SERVICIOS MATERIALES DE EMERGENCIA","TITULO":"ACCIÓN HUMANITARIA A TRAVÉS DEL CENTRO LOGÍSTICO DE EMERGENCIAS INTERNACIONALES DE LA COMUNIDAD VALENCIANA - AÑO 2016.","PAIS":"PAÍSES EN SITUACIÓN DE EMERGENCIA HUMANITARIA","SUBVENCION_CONCEDIDA":22500,"TIPO_POBLACION":"POBLACIÓN EN GENERAL","ENTIDAD":"CRUZ ROJA","MODALIDAD":"CONVENIOS","ANYO":"2016","SECTOR_CAD":"720 AYUDAS DE EMERGENCIA","NUM":"SOLCHU/2016/0002"}
,{"_id":{"$oid":"5c066f1feea61886696b357e"},"LINEA":"CONVENIO DE COLABORACIÓN","SECTOR_DENOMINACION":"AYUDA Y SERVICIOS MATERIALES DE EMERGENCIA","TITULO":"ATENCIÓN INTEGRAL A NIÑOS Y NIÑAS VINCULADOS CON FUERZAS Y GRUPOS ARMADOS  REPÚBLICA CENTROAFRICANA.","PAIS":"PAÍSES EN SITUACIÓN DE EMERGENCIA HUMANITARIA","SUBVENCION_CONCEDIDA":155000,"TIPO_POBLACION":"POBLACIÓN EN GENERAL","ENTIDAD":"UNICEF","MODALIDAD":"CONVENIOS","ANYO":"2016","SECTOR_CAD":"720 AYUDAS DE EMERGENCIA","NUM":"SOLCHU/2016/0004"}
,{"_id":{"$oid":"5c066f1feea61886696b357f"},"LINEA":"CONVENIO DE COLABORACIÓN","SECTOR_DENOMINACION":"AYUDA Y SERVICIOS MATERIALES DE EMERGENCIA","TITULO":"ATENCIÓN INTEGRAL A NIÑOS Y NIÑAS VINCULADOS CON FUERZAS Y GRUPOS ARMADOS  REPÚBLICA CENTROAFRICANA.","PAIS":"PAÍSES EN SITUACIÓN DE EMERGENCIA HUMANITARIA","SUBVENCION_CONCEDIDA":155000,"TIPO_POBLACION":"POBLACIÓN EN GENERAL","ENTIDAD":"UNICEF","MODALIDAD":"CONVENIOS","ANYO":"2016","SECTOR_CAD":"720 AYUDAS DE EMERGENCIA","NUM":"SOLCHU/2016/0004"}
,{"_id":{"$oid":"5c066f1feea61886696b3580"},"LINEA":"CONVENIO DE COLABORACIÓN","SECTOR_DENOMINACION":"AYUDA Y SERVICIOS MATERIALES DE EMERGENCIA","TITULO":"ASISTENCIA BÁSICA PARA POBLACIÓN REFUGIADA SIRIA EN JORDANIA.","PAIS":"PAÍSES EN SITUACIÓN DE EMERGENCIA HUMANITARIA","SUBVENCION_CONCEDIDA":"150.000,00 ","TIPO_POBLACION":"POBLACIÓN EN GENERAL","ENTIDAD":"ACNUR","MODALIDAD":"CONVENIOS","ANYO":"2016","SECTOR_CAD":"720 AYUDAS DE EMERGENCIA","NUM":"SOLCHU/2016/0005"}
,{"_id":{"$oid":"5c066f1feea61886696b3581"},"LINEA":"CONVENIO DE COLABORACIÓN","SECTOR_DENOMINACION":"AYUDA Y SERVICIOS MATERIALES DE EMERGENCIA","TITULO":"EJECUCIÓN DE INTERVENCIONES PARA GARANTIZAR LA ATENCIÓN HUMANITARIA DE CARÁCTER SOCIOSANITARIO A LA POBLACIÓN EN SITUACIÓN DE MAYOR VULNERABILIDAD ANTE CRISIS DE ORIGEN NATURAL O HUMANO, EN EL AÑO 2016.","PAIS":"PAÍSES EN SITUACIÓN DE EMERGENCIA HUMANITARIA","SUBVENCION_CONCEDIDA":160000,"TIPO_POBLACION":"POBLACIÓN EN GENERAL","ENTIDAD":"FARMAMUNDI","MODALIDAD":"CONVENIOS","ANYO":"2016","SECTOR_CAD":"720 AYUDAS DE EMERGENCIA","NUM":"SOLCHU/2016/0003"}
,{"_id":{"$oid":"5c066f1feea61886696b3582"},"LINEA":"CONVENIO DE COLABORACIÓN","SECTOR_DENOMINACION":"AYUDA Y SERVICIOS MATERIALES DE EMERGENCIA","TITULO":"EJECUCIÓN DE INTERVENCIONES PARA GARANTIZAR LA ATENCIÓN HUMANITARIA DE CARÁCTER SOCIOSANITARIO A LA POBLACIÓN EN SITUACIÓN DE MAYOR VULNERABILIDAD ANTE CRISIS DE ORIGEN NATURAL O HUMANO, EN EL AÑO 2016.","PAIS":"PAÍSES EN SITUACIÓN DE EMERGENCIA HUMANITARIA","SUBVENCION_CONCEDIDA":160000,"TIPO_POBLACION":"POBLACIÓN EN GENERAL","ENTIDAD":"FARMAMUNDI","MODALIDAD":"CONVENIOS","ANYO":"2016","SECTOR_CAD":"720 AYUDAS DE EMERGENCIA","NUM":"SOLCHU/2016/0003"}
,{"_id":{"$oid":"5c066f64eea61886696b3587"},"LINEA":"AYUDAS DE EMERGENCIA","SECTOR_DENOMINACION":"AYUDA Y SERVICIOS MATERIALES DE EMERGENCIA","TITULO":"xu0093ACCIÓN HUMANITARIA PARA ATENDER A LA POBLACIÓN AFECTADA POR EL TERREMOTO DE ECUADORxu0094","PAIS":"PAÍSES EN SITUACIÓN DE EMERGENCIA HUMANITARIA","SUBVENCION_CONCEDIDA":50000,"TIPO_POBLACION":"POBLACIÓN EN GENERAL","ENTIDAD":"FUNDACIÓN UNICEF - COMITÉ ESPAÑOL","MODALIDAD":"ACCIÓN HUMANITARIA","ANYO":"2016","SECTOR_CAD":"720 AYUDAS DE EMERGENCIA","NUM":"SOLCHU/2016/0007"}
,{"_id":{"$oid":"5c066f64eea61886696b3588"},"LINEA":"AYUDAS DE EMERGENCIA","SECTOR_DENOMINACION":"AYUDA Y SERVICIOS MATERIALES DE EMERGENCIA","TITULO":"xu0093ACCIÓN HUMANITARIA PARA ATENDER A LA POBLACIÓN AFECTADA POR EL TERREMOTO DE ECUADORxu0094","PAIS":"PAÍSES EN SITUACIÓN DE EMERGENCIA HUMANITARIA","SUBVENCION_CONCEDIDA":50000,"TIPO_POBLACION":"POBLACIÓN EN GENERAL","ENTIDAD":"FUNDACIÓN UNICEF - COMITÉ ESPAÑOL","MODALIDAD":"ACCIÓN HUMANITARIA","ANYO":"2016","SECTOR_CAD":"720 AYUDAS DE EMERGENCIA","NUM":"SOLCHU/2016/0007"}
,{"_id":{"$oid":"5c066f64eea61886696b3589"},"LINEA":"AYUDAS DE EMERGENCIA","SECTOR_DENOMINACION":"AYUDA Y SERVICIOS MATERIALES DE EMERGENCIA","TITULO":"xu0093AYUDA DE EMERGENCIA PARA LOS NIÑOS, NIÑAS Y ADOLESCENTES Y SUS FAMILIAS POR EL TERREMOTO EN LA PROVINCIA DE MANABÍ, ECUADORxu0094","PAIS":"PAÍSES EN SITUACIÓN DE EMERGENCIA HUMANITARIA","SUBVENCION_CONCEDIDA":50000,"TIPO_POBLACION":"POBLACIÓN EN GENERAL","ENTIDAD":"FUNDACIÓN SAVE THE CHILDREN","MODALIDAD":"ACCIÓN HUMANITARIA","ANYO":"2016","SECTOR_CAD":"720 AYUDAS DE EMERGENCIA","NUM":"SOLCHU/2016/0008"}
,{"_id":{"$oid":"5c066f64eea61886696b358a"},"LINEA":"AYUDAS DE EMERGENCIA","SECTOR_DENOMINACION":"AYUDA Y SERVICIOS MATERIALES DE EMERGENCIA","TITULO":"xu0093RESPUESTA RÁPIDA EN NUTRICIÓN Y APOYO PSICOSOCIAL PARA LOS MÁS VULNERABLES ENTRE LOS AFECTADOS POR EL TERREMOTO DE ECUADORxu0094","PAIS":"PAÍSES EN SITUACIÓN DE EMERGENCIA HUMANITARIA","SUBVENCION_CONCEDIDA":50000,"TIPO_POBLACION":"POBLACIÓN EN GENERAL","ENTIDAD":"FUNDACIÓN ACCIÓN CONTRA EL HAMBRE","MODALIDAD":"ACCIÓN HUMANITARIA","ANYO":"2016","SECTOR_CAD":"720 AYUDAS DE EMERGENCIA","NUM":"SOLCHU/2016/0009"}
,{"_id":{"$oid":"5c066f64eea61886696b358b"},"LINEA":"AYUDAS DE EMERGENCIA","SECTOR_DENOMINACION":"AYUDA Y SERVICIOS MATERIALES DE EMERGENCIA","TITULO":"xu0093APOYO PSICOSOCIAL Y REDUCCIÓN DE LA VIOLENCIA DE GÉNERO Y VIOLENCIA SEXUAL EN LA POBLACIÓN AFECTADA POR EL TERREMOTO DE ECUADOR EN LAS LOCALIDADES DE PORTOVIEJO Y CANOAxu0094","PAIS":"PAÍSES EN SITUACIÓN DE EMERGENCIA HUMANITARIA","SUBVENCION_CONCEDIDA":50000,"TIPO_POBLACION":"POBLACIÓN EN GENERAL","ENTIDAD":"FUNDACIÓN ALIANZA POR LOS DERECHOS, LA IGUALDAD Y LA SOLIDARIDAD INTERNACIONAL","MODALIDAD":"ACCIÓN HUMANITARIA","ANYO":"2016","SECTOR_CAD":"720 AYUDAS DE EMERGENCIA","NUM":"SOLCHU/2016/0010"}
,{"_id":{"$oid":"5c066f64eea61886696b358c"},"LINEA":"AYUDAS DE EMERGENCIA","SECTOR_DENOMINACION":"AYUDA Y SERVICIOS MATERIALES DE EMERGENCIA","TITULO":"xu0093APOYO PSICOSOCIAL Y REDUCCIÓN DE LA VIOLENCIA DE GÉNERO Y VIOLENCIA SEXUAL EN LA POBLACIÓN AFECTADA POR EL TERREMOTO DE ECUADOR EN LAS LOCALIDADES DE PORTOVIEJO Y CANOAxu0094","PAIS":"PAÍSES EN SITUACIÓN DE EMERGENCIA HUMANITARIA","SUBVENCION_CONCEDIDA":50000,"TIPO_POBLACION":"POBLACIÓN EN GENERAL","ENTIDAD":"FUNDACIÓN ALIANZA POR LOS DERECHOS, LA IGUALDAD Y LA SOLIDARIDAD INTERNACIONAL","MODALIDAD":"ACCIÓN HUMANITARIA","ANYO":"2016","SECTOR_CAD":"720 AYUDAS DE EMERGENCIA","NUM":"SOLCHU/2016/0010"}
,{"_id":{"$oid":"5c066f64eea61886696b358d"},"LINEA":"AYUDAS DE EMERGENCIA","SECTOR_DENOMINACION":"AYUDA Y SERVICIOS MATERIALES DE EMERGENCIA","TITULO":"xu0093ACCIÓN HUMANITARIA PARA ATENDER A LA POBLACIÓN AFECTADA POR EL HURACÁN MATTHEW EN HAITÍxu0094.","PAIS":"PAÍSES EN SITUACIÓN DE EMERGENCIA HUMANITARIA","SUBVENCION_CONCEDIDA":50000,"TIPO_POBLACION":"POBLACIÓN EN GENERAL","ENTIDAD":"FUNDACIÓN UNICEF - COMITÉ ESPAÑOL","MODALIDAD":"ACCIÓN HUMANITARIA","ANYO":"2016","SECTOR_CAD":"720 AYUDAS DE EMERGENCIA","NUM":"SOLCHU/2016/0011"}
,{"_id":{"$oid":"5c066f64eea61886696b358e"},"LINEA":"AYUDAS DE EMERGENCIA","SECTOR_DENOMINACION":"AYUDA Y SERVICIOS MATERIALES DE EMERGENCIA","TITULO":"xu0093ACCIÓN HUMANITARIA PARA ATENDER A LA POBLACIÓN AFECTADA POR EL HURACÁN MATTHEW EN HAITÍxu0094.","PAIS":"PAÍSES EN SITUACIÓN DE EMERGENCIA HUMANITARIA","SUBVENCION_CONCEDIDA":50000,"TIPO_POBLACION":"POBLACIÓN EN GENERAL","ENTIDAD":"FUNDACIÓN UNICEF - COMITÉ ESPAÑOL","MODALIDAD":"ACCIÓN HUMANITARIA","ANYO":"2016","SECTOR_CAD":"720 AYUDAS DE EMERGENCIA","NUM":"SOLCHU/2016/0011"}
,{"_id":{"$oid":"5c066f64eea61886696b358f"},"LINEA":"AYUDAS DE EMERGENCIA","SECTOR_DENOMINACION":"AYUDA Y SERVICIOS MATERIALES DE EMERGENCIA","TITULO":"xu0093AYUDA DE EMERGENCIA PARA LOS NIÑOS, NIÑAS Y ADOLESCENTES Y SUS FAMILIAS AFECTADOS POR EL HURACÁN MATTHEW EN HAITÍxu0094.","PAIS":"PAÍSES EN SITUACIÓN DE EMERGENCIA HUMANITARIA","SUBVENCION_CONCEDIDA":50000,"TIPO_POBLACION":"POBLACIÓN EN GENERAL","ENTIDAD":"FUNDACIÓN SAVE THE CHILDREN","MODALIDAD":"ACCIÓN HUMANITARIA","ANYO":"2016","SECTOR_CAD":"720 AYUDAS DE EMERGENCIA","NUM":"SOLCHU/2016/0012"}
,{"_id":{"$oid":"5c066f64eea61886696b3590"},"LINEA":"AYUDAS DE EMERGENCIA","SECTOR_DENOMINACION":"AYUDA Y SERVICIOS MATERIALES DE EMERGENCIA","TITULO":"xu0093AYUDA DE EMERGENCIA PARA LOS NIÑOS, NIÑAS Y ADOLESCENTES Y SUS FAMILIAS AFECTADOS POR EL HURACÁN MATTHEW EN HAITÍxu0094.","PAIS":"PAÍSES EN SITUACIÓN DE EMERGENCIA HUMANITARIA","SUBVENCION_CONCEDIDA":50000,"TIPO_POBLACION":"POBLACIÓN EN GENERAL","ENTIDAD":"FUNDACIÓN SAVE THE CHILDREN","MODALIDAD":"ACCIÓN HUMANITARIA","ANYO":"2016","SECTOR_CAD":"720 AYUDAS DE EMERGENCIA","NUM":"SOLCHU/2016/0012"}
,{"_id":{"$oid":"5c066f64eea61886696b3591"},"LINEA":"AYUDAS DE EMERGENCIA","SECTOR_DENOMINACION":"AYUDA A LA RECONSTRUCCIÓN","TITULO":"APOYO A FAMILIAS DE LA 5ª SECCIÓN DE BAINET TRAS LOS DAÑOS EN AGRICULTURA PRODUCIDOS POR EL CICLÓN TOMÁS Y FORTALECER SUS CAPACIDADES DE RESPUESTA FRENTE A DESASTRES NATURALES Y EPIDEMIAS","PAIS":"PAÍSES EN SITUACIÓN DE EMERGENCIA HUMANITARIA","SUBVENCION_CONCEDIDA":155721.26,"TIPO_POBLACION":"POBLACIÓN EN GENERAL","ENTIDAD":"SOLIDARIDAD INTERNACIONAL DEL PAÍS VALENCIANO","MODALIDAD":"ACCIÓN HUMANITARIA","ANYO":"2016","SECTOR_CAD":"730 AYUDA A LA RECONSTRUCCIÓN","NUM":"9028/2011"}
,{"_id":{"$oid":"5c066f64eea61886696b3592"},"LINEA":"AYUDAS DE EMERGENCIA","SECTOR_DENOMINACION":"AYUDA Y SERVICIOS MATERIALES DE EMERGENCIA","TITULO":"xu0093RESPUESTA RÁPIDA EN NUTRICIÓN Y APOYO PSICOSOCIAL PARA LOS MÁS VULNERABLES ENTRE LOS AFECTADOS POR EL TERREMOTO DE ECUADORxu0094","PAIS":"PAÍSES EN SITUACIÓN DE EMERGENCIA HUMANITARIA","SUBVENCION_CONCEDIDA":50000,"TIPO_POBLACION":"POBLACIÓN EN GENERAL","ENTIDAD":"FUNDACIÓN ACCIÓN CONTRA EL HAMBRE","MODALIDAD":"ACCIÓN HUMANITARIA","ANYO":"2016","SECTOR_CAD":"720 AYUDAS DE EMERGENCIA","NUM":"SOLCHU/2016/0009"}
,{"_id":{"$oid":"5c066f64eea61886696b3593"},"LINEA":"AYUDAS DE EMERGENCIA","SECTOR_DENOMINACION":"AYUDA Y SERVICIOS MATERIALES DE EMERGENCIA","TITULO":"xu0093AYUDA DE EMERGENCIA PARA LOS NIÑOS, NIÑAS Y ADOLESCENTES Y SUS FAMILIAS POR EL TERREMOTO EN LA PROVINCIA DE MANABÍ, ECUADORxu0094","PAIS":"PAÍSES EN SITUACIÓN DE EMERGENCIA HUMANITARIA","SUBVENCION_CONCEDIDA":50000,"TIPO_POBLACION":"POBLACIÓN EN GENERAL","ENTIDAD":"FUNDACIÓN SAVE THE CHILDREN","MODALIDAD":"ACCIÓN HUMANITARIA","ANYO":"2016","SECTOR_CAD":"720 AYUDAS DE EMERGENCIA","NUM":"SOLCHU/2016/0008"}
,{"_id":{"$oid":"5c066f64eea61886696b3594"},"LINEA":"CONVOCATORIA DE DESARROLLO","SECTOR_DENOMINACION":"FORMACIÓN PROFESIONAL","TITULO":"FORMACIÓN PROFESIONAL Y EN EMPRENDIMIENTO A MUJERES DE LAS ZONAS RURALES DE CARAZO, Y AMPLIACIÓN Y MEJORA DE LA INFRAESTRUCTURA DE SU CENTRO DE FORMACIÓN","PAIS":"NICARAGUA","SUBVENCION_CONCEDIDA":165512.65,"TIPO_POBLACION":"INFANCIA Y JUVENTUD. POBLACIÓN FEMENINA","ENTIDAD":"FUNDACIÓN MAINEL","MODALIDAD":"CAD","ANYO":"2016","SECTOR_CAD":"113 EDUCACIÓN SECUNDARIA","NUM":"SOLPCD/2016/0001"}
,{"_id":{"$oid":"5c066f64eea61886696b3595"},"LINEA":"CONVOCATORIA DE DESARROLLO","SECTOR_DENOMINACION":"DESARROLLO AGRARIO","TITULO":"FORTALECIMIENTO DEL SISTEMA PRODUCTIVO AGROPECUARIO, EN EL MARCO DE LAS POLÍTICAS MUNICIPALES DE DESARROLLO LOCAL SOSTENIBLE, EN LA ZONA DE TRANSICIÓN ANDINO-YUNGAS, DE LA CORDILLERA TUNAI DEL MUNICIPIO DE TIQUIPAYA (BOLIVIA)","PAIS":"BOLIVIA","SUBVENCION_CONCEDIDA":203722.06,"TIPO_POBLACION":"SIN DEFINIR","ENTIDAD":"FUNDACIÓN MUSOL","MODALIDAD":"CAD","ANYO":"2016","SECTOR_CAD":"311 AGRICULTURA","NUM":"SOLPCD/2016/0003"}
,{"_id":{"$oid":"5c066f64eea61886696b3596"},"LINEA":"CONVOCATORIA DE DESARROLLO","SECTOR_DENOMINACION":"DESARROLLO AGRARIO","TITULO":"MEJORA DE LAS CONDICIONES DE VIDA DE ALS COMUNIDADES INDÍGENAS CAMPESINAS DEL MUNICIPIO DE CHAQUI, DPTO DE POTOSÍ,CONSOLIDANDO SU SEGURIDAD ALIMENTARIA MEDIANTE LA IMPLEMENTACIÓN DE UN SISTEMA PRODUCTIVO AGROECOLÓGICO","PAIS":"BOLIVIA","SUBVENCION_CONCEDIDA":278957.63,"TIPO_POBLACION":"POBLACIÓN EN GENERAL","ENTIDAD":"MANOS UNIDAS COMITÉ CATÓLICO DE LA CAMPAÑA CONTRA EL HAMBRE EN EL MUNDO","MODALIDAD":"CAD","ANYO":"2016","SECTOR_CAD":"311 AGRICULTURA","NUM":"SOLPCD/2016/0006"}
,{"_id":{"$oid":"5c066f64eea61886696b3597"},"LINEA":"CONVOCATORIA DE DESARROLLO","SECTOR_DENOMINACION":"CAPACITACIÓN BÁSICA DE JÓVENES Y ADULTOS","TITULO":"MEJORA DE LA COBERTURA, INCLUSIÓN Y CALIDAD EDUCATIVA EN CENTROS ESCOLARES DE EDUCACIÓN BÁSICA EN LOS MUNICIPIOS DE SACACOYO, TEPECOYO, JAYAQUE Y TALNIQUE, DPTO. DE LA LIBERTAD","PAIS":"EL SALVADOR","SUBVENCION_CONCEDIDA":240943.52,"TIPO_POBLACION":"INFANCIA, JUVENTUD, ADULTOS, ALUMNADO JOVEN VULNERABLE AUSENTE DEL SISTEMA ESCOLAR.","ENTIDAD":"CESAL","MODALIDAD":"CAD","ANYO":"2016","SECTOR_CAD":"112 EDUCACIÓN BÁSICA","NUM":"SOLPCD/2016/0013"}
,{"_id":{"$oid":"5c066f64eea61886696b3598"},"LINEA":"CONVOCATORIA DE DESARROLLO","SECTOR_DENOMINACION":"DESARROLLO AGRARIO","TITULO":"MEJORA DE LAS CONDICIONES DE VIDA DE ALS COMUNIDADES INDÍGENAS CAMPESINAS DEL MUNICIPIO DE CHAQUI, DPTO DE POTOSÍ,CONSOLIDANDO SU SEGURIDAD ALIMENTARIA MEDIANTE LA IMPLEMENTACIÓN DE UN SISTEMA PRODUCTIVO AGROECOLÓGICO","PAIS":"BOLIVIA","SUBVENCION_CONCEDIDA":278957.63,"TIPO_POBLACION":"POBLACIÓN EN GENERAL","ENTIDAD":"MANOS UNIDAS COMITÉ CATÓLICO DE LA CAMPAÑA CONTRA EL HAMBRE EN EL MUNDO","MODALIDAD":"CAD","ANYO":"2016","SECTOR_CAD":"311 AGRICULTURA","NUM":"SOLPCD/2016/0006"}
,{"_id":{"$oid":"5c066f64eea61886696b3599"},"LINEA":"CONVOCATORIA DE DESARROLLO","SECTOR_DENOMINACION":"DESARROLLO AGRARIO","TITULO":"FORTALECIMIENTO DEL SISTEMA PRODUCTIVO AGROPECUARIO, EN EL MARCO DE LAS POLÍTICAS MUNICIPALES DE DESARROLLO LOCAL SOSTENIBLE, EN LA ZONA DE TRANSICIÓN ANDINO-YUNGAS, DE LA CORDILLERA TUNAI DEL MUNICIPIO DE TIQUIPAYA (BOLIVIA)","PAIS":"BOLIVIA","SUBVENCION_CONCEDIDA":203722.06,"TIPO_POBLACION":"SIN DEFINIR","ENTIDAD":"FUNDACIÓN MUSOL","MODALIDAD":"CAD","ANYO":"2016","SECTOR_CAD":"311 AGRICULTURA","NUM":"SOLPCD/2016/0003"}
,{"_id":{"$oid":"5c066f64eea61886696b359a"},"LINEA":"CONVOCATORIA DE DESARROLLO","SECTOR_DENOMINACION":"CAPACITACIÓN BÁSICA DE JÓVENES Y ADULTOS","TITULO":"MEJORA DE LA COBERTURA, INCLUSIÓN Y CALIDAD EDUCATIVA EN CENTROS ESCOLARES DE EDUCACIÓN BÁSICA EN LOS MUNICIPIOS DE SACACOYO, TEPECOYO, JAYAQUE Y TALNIQUE, DPTO. DE LA LIBERTAD","PAIS":"EL SALVADOR","SUBVENCION_CONCEDIDA":240943.52,"TIPO_POBLACION":"INFANCIA, JUVENTUD, ADULTOS, ALUMNADO JOVEN VULNERABLE AUSENTE DEL SISTEMA ESCOLAR.","ENTIDAD":"CESAL","MODALIDAD":"CAD","ANYO":"2016","SECTOR_CAD":"112 EDUCACIÓN BÁSICA","NUM":"SOLPCD/2016/0013"}
,{"_id":{"$oid":"5c066f64eea61886696b359b"},"LINEA":"CONVOCATORIA DE DESARROLLO","SECTOR_DENOMINACION":"ABASTECIMIENTO BÁSICO DE AGUA POTABLE ","TITULO":"CONTRIBUIR AL PLENO EJERCICIO DEL DERECHO AL AGUA DE CALIDAD Y DEL DERECHO A LA PARTICIPACIÓN, DE 464 PERSONAS DE LA COMUNIDAD EL CHAPARRAL Y SANTIAGO TORRES DEL MUNICIPIO DE EL PAISNAL. NORTE DE SAN SALVADOR-LA LIBERTAD","PAIS":"EL SALVADOR","SUBVENCION_CONCEDIDA":295760.32,"TIPO_POBLACION":"POBLACIÓN GENERAL","ENTIDAD":"ECOSOL","MODALIDAD":"CAD","ANYO":"2016","SECTOR_CAD":"140 ABASTECIMIENTO DE AGUA Y SANEAMIENTO","NUM":"SOLPCD/2016/0014"}
,{"_id":{"$oid":"5c066f64eea61886696b359c"},"LINEA":"CONVOCATORIA DE DESARROLLO","SECTOR_DENOMINACION":"ATENCIÓN SANITARIA BÁSICA","TITULO":"CONSOLIDACIÓN DEL SISTEMA DE SALUD FAMILIAR COMUNITARIA E INTERCULTURAL EN EL MUNICIPIO RURAL DE TACOBAMBA, BOLIVIA, EN CORRESPONDENCIA CON EL TERCER OBJETIVO DE DESARROLLO SOSTENIBLE: xu0093GARANTIZAR UNA VIDA SANA Y PROMOVER EL BIENESTAR PARA TODOS EN TODAS LAS EDADESxu0094","PAIS":"BOLIVIA","SUBVENCION_CONCEDIDA":272700.07,"TIPO_POBLACION":"INFANCIA Y JUVENTUD, ADULTOS, PERSONAS MAYORES Y POBLACIÓN EN GENERAL.","ENTIDAD":"FONTILLES","MODALIDAD":"CAD","ANYO":"2016","SECTOR_CAD":"122 SALUD BÁSICA","NUM":"SOLPCD/2016/0016"}
,{"_id":{"$oid":"5c066f64eea61886696b359d"},"LINEA":"CONVOCATORIA DE DESARROLLO","SECTOR_DENOMINACION":"ABASTECIMIENTO BÁSICO DE AGUA POTABLE ","TITULO":"CONTRIBUIR AL PLENO EJERCICIO DEL DERECHO AL AGUA DE CALIDAD Y DEL DERECHO A LA PARTICIPACIÓN, DE 464 PERSONAS DE LA COMUNIDAD EL CHAPARRAL Y SANTIAGO TORRES DEL MUNICIPIO DE EL PAISNAL. NORTE DE SAN SALVADOR-LA LIBERTAD","PAIS":"EL SALVADOR","SUBVENCION_CONCEDIDA":295760.32,"TIPO_POBLACION":"POBLACIÓN GENERAL","ENTIDAD":"ECOSOL","MODALIDAD":"CAD","ANYO":"2016","SECTOR_CAD":"140 ABASTECIMIENTO DE AGUA Y SANEAMIENTO","NUM":"SOLPCD/2016/0014"}
,{"_id":{"$oid":"5c066f64eea61886696b359e"},"LINEA":"CONVOCATORIA DE DESARROLLO","SECTOR_DENOMINACION":"ATENCIÓN SANITARIA BÁSICA","TITULO":"CONSOLIDACIÓN DEL SISTEMA DE SALUD FAMILIAR COMUNITARIA E INTERCULTURAL EN EL MUNICIPIO RURAL DE TACOBAMBA, BOLIVIA, EN CORRESPONDENCIA CON EL TERCER OBJETIVO DE DESARROLLO SOSTENIBLE: xu0093GARANTIZAR UNA VIDA SANA Y PROMOVER EL BIENESTAR PARA TODOS EN TODAS LAS EDADESxu0094","PAIS":"BOLIVIA","SUBVENCION_CONCEDIDA":272700.07,"TIPO_POBLACION":"INFANCIA Y JUVENTUD, ADULTOS, PERSONAS MAYORES Y POBLACIÓN EN GENERAL.","ENTIDAD":"FONTILLES","MODALIDAD":"CAD","ANYO":"2016","SECTOR_CAD":"122 SALUD BÁSICA","NUM":"SOLPCD/2016/0016"}
,{"_id":{"$oid":"5c066f64eea61886696b359f"},"LINEA":"CONVOCATORIA DE DESARROLLO","SECTOR_DENOMINACION":"FORMACIÓN PROFESIONAL","TITULO":"FORMACIÓN PROFESIONAL Y EN EMPRENDIMIENTO A MUJERES DE LAS ZONAS RURALES DE CARAZO, Y AMPLIACIÓN Y MEJORA DE LA INFRAESTRUCTURA DE SU CENTRO DE FORMACIÓN","PAIS":"NICARAGUA","SUBVENCION_CONCEDIDA":165512.65,"TIPO_POBLACION":"INFANCIA Y JUVENTUD. POBLACIÓN FEMENINA","ENTIDAD":"FUNDACIÓN MAINEL","MODALIDAD":"CAD","ANYO":"2016","SECTOR_CAD":"113 EDUCACIÓN SECUNDARIA","NUM":"SOLPCD/2016/0001"}
,{"_id":{"$oid":"5c066f64eea61886696b35a0"},"LINEA":"CONVOCATORIA DE DESARROLLO","SECTOR_DENOMINACION":"EDUCACIÓN PRIMARIA","TITULO":"MEJORADA LA CALIDAD EDUCATIVA DEL ALUMNADO DE SEGUNDO Y TERCER CICLO DE EDUCACIÓN BÁSICA, LA ORGANIZACIÓN COMUNITARIA Y LAS OPORTUNIDADES LABORALES DE LOS/LAS JÓVENES DEL MUNICIPIO DE SANTA ANA","PAIS":"EL SALVADOR","SUBVENCION_CONCEDIDA":88411.47,"TIPO_POBLACION":"INFANCIA,JUVENTUD, PERSONAS MAYORES.","ENTIDAD":"LIGA ESPAÑOLA DE LA EDUCACIÓN Y LA CULTURA POPULAR","MODALIDAD":"CAD","ANYO":"2016","SECTOR_CAD":"112 EDUCACIÓN BÁSICA","NUM":"SOLPCD/2016/0019"}
,{"_id":{"$oid":"5c066f64eea61886696b35a1"},"LINEA":"CONVOCATORIA DE DESARROLLO","SECTOR_DENOMINACION":"DESARROLLO AGRARIO","TITULO":"FORTALECIMIENTO DE LA ECONOMÍA RURAL FRENTE AL CAMBIO CLIMÁTICO, MEDIANTE ELIMPULSO DE INICIATIVAS DE AGROTURISMO CON ENFOQUE AMBIENTAL EN LOS DEPARTAMENTOS DE RIVAS Y MASAYA. NICARAGUA","PAIS":"NICARAGUA","SUBVENCION_CONCEDIDA":168227.13,"TIPO_POBLACION":"POBLACIÓN EN GENERAL","ENTIDAD":"PAU I SOLIDARITAT","MODALIDAD":"CAD","ANYO":"2016","SECTOR_CAD":"311 AGRICULTURA","NUM":"SOLPCD/2016/0021"}
,{"_id":{"$oid":"5c066f64eea61886696b35a2"},"LINEA":"CONVOCATORIA DE DESARROLLO","SECTOR_DENOMINACION":"ATENCIÓN SANITARIA BÁSICA","TITULO":"CONSOLIDACIÓN DE LA ATENCIÓN PRIMARIA EN SALUD, EL SANEAMIENTO AMBIENTAL Y LA ARTICULACIÓN ENTRE LAS REDES INSTITUCIONAL Y COMUNITARIA DE SALUD EN TERRITORIOS DE KUKRA RIVER Y NUEVA GUINEA, RACCS. NICARAGUA","PAIS":"NICARAGUA","SUBVENCION_CONCEDIDA":231548.91,"TIPO_POBLACION":"POBLACIÓN GENERAL HOMBRES Y MUJERES. INFANCIA JUVENTUD Y PERSONAS MAYORES.","ENTIDAD":"FARMACÉUTICOS MUNDI","MODALIDAD":"CAD","ANYO":"2016","SECTOR_CAD":"122 SALUD BÁSICA","NUM":"SOLPCD/2016/0024"}
,{"_id":{"$oid":"5c066f64eea61886696b35a3"},"LINEA":"CONVOCATORIA DE DESARROLLO","SECTOR_DENOMINACION":"ATENCIÓN SALUD REPRODUCTIVA","TITULO":"FORTALECIMIENTO DE LAS CAPACIDADES DE LAS INSTITUCIONES PÚBLICAS, LAS ORGANIZACIONES DE LA SOCIEDAD DIVIL Y LAS REDES COMUNITARIAS PARA LA MEJORA DEL EJERCICIO DE LOS DERECHOS SEXUALES Y REPRODUCTIVOS, CON EL PROPÓSITO DE CONTRIBUIR A LA PREVENCIÓN Y LUCHA CONTRA LA VIOLENCIA HACIA LAS MUJERES, NIÑAS, NIÑOS Y ADOLESCENTES EN LOS MUNICIPIOS DE MATAGALPA","PAIS":"NICARAGUA","SUBVENCION_CONCEDIDA":243046.79,"TIPO_POBLACION":"INFANCIA Y JUVENTUD, POBLACIÓN GENERAL, POBLACIÓN FEMENINA PERSONAL TÉCNICO Y PROFESIONALES","ENTIDAD":"MÉDICOS DEL MUNDO","MODALIDAD":"CAD","ANYO":"2016","SECTOR_CAD":"130 PROGRAMAS/POLÍTICAS SOBRE POBLACIÓN Y SALUD REPRODUCTIVA","NUM":"SOLPCD/2016/0020"}
,{"_id":{"$oid":"5c066f64eea61886696b35a4"},"LINEA":"CONVOCATORIA DE DESARROLLO","SECTOR_DENOMINACION":"ATENCIÓN SANITARIA BÁSICA","TITULO":"CONSOLIDACIÓN DE LA ATENCIÓN PRIMARIA EN SALUD, EL SANEAMIENTO AMBIENTAL Y LA ARTICULACIÓN ENTRE LAS REDES INSTITUCIONAL Y COMUNITARIA DE SALUD EN TERRITORIOS DE KUKRA RIVER Y NUEVA GUINEA, RACCS. NICARAGUA","PAIS":"NICARAGUA","SUBVENCION_CONCEDIDA":231548.91,"TIPO_POBLACION":"POBLACIÓN GENERAL HOMBRES Y MUJERES. INFANCIA JUVENTUD Y PERSONAS MAYORES.","ENTIDAD":"FARMACÉUTICOS MUNDI","MODALIDAD":"CAD","ANYO":"2016","SECTOR_CAD":"122 SALUD BÁSICA","NUM":"SOLPCD/2016/0024"}
,{"_id":{"$oid":"5c066f64eea61886696b35a5"},"LINEA":"CONVOCATORIA DE DESARROLLO","SECTOR_DENOMINACION":"ATENCIÓN SALUD REPRODUCTIVA","TITULO":"FORTALECIMIENTO DE LA PERTINENCIA Y LA INTEGRIDAD DE LA ATENCIÓN EN SALUD SEXUAL Y REPRODUCTIVA DE LAS MUJERES INDÍGENAS EN TRES MUNICIPIOS DE LA REGIÓN NORTE DE HUEHUETENANGO. GUATEMALA","PAIS":"GUATEMALA","SUBVENCION_CONCEDIDA":271617.53,"TIPO_POBLACION":"MUJERES-POBLACIÓN INDÍGENA, INFANCIA Y JUVENTUD","ENTIDAD":"FARMACÉUTICOS MUNDI","MODALIDAD":"CAD","ANYO":"2016","SECTOR_CAD":"130 PROGRAMAS/POLÍTICAS SOBRE POBLACIÓN Y SALUD REPRODUCTIVA","NUM":"SOLPCD/2016/0027"}
,{"_id":{"$oid":"5c066f64eea61886696b35a6"},"LINEA":"CONVOCATORIA DE DESARROLLO","SECTOR_DENOMINACION":"ATENCIÓN SALUD REPRODUCTIVA","TITULO":"FORTALECIMIENTO DE LA PERTINENCIA Y LA INTEGRIDAD DE LA ATENCIÓN EN SALUD SEXUAL Y REPRODUCTIVA DE LAS MUJERES INDÍGENAS EN TRES MUNICIPIOS DE LA REGIÓN NORTE DE HUEHUETENANGO. GUATEMALA","PAIS":"GUATEMALA","SUBVENCION_CONCEDIDA":271617.53,"TIPO_POBLACION":"MUJERES-POBLACIÓN INDÍGENA, INFANCIA Y JUVENTUD","ENTIDAD":"FARMACÉUTICOS MUNDI","MODALIDAD":"CAD","ANYO":"2016","SECTOR_CAD":"130 PROGRAMAS/POLÍTICAS SOBRE POBLACIÓN Y SALUD REPRODUCTIVA","NUM":"SOLPCD/2016/0027"}
,{"_id":{"$oid":"5c066f64eea61886696b35a7"},"LINEA":"CONVOCATORIA DE DESARROLLO","SECTOR_DENOMINACION":"DESARROLLO AGRARIO","TITULO":"MEJORA DE LA SEGURIDAD ALIMENTARIA EN LA FRANJA DE GAZA A TRAVÉS LA REHABILITACIÓN DE TERRENOS AGRÍCOLAS E INVERNADEROS","PAIS":"TERRITORIOS PALESTINOS","SUBVENCION_CONCEDIDA":269062.47,"TIPO_POBLACION":"POBLACIÓN EN GENERAL","ENTIDAD":"FUNDACIÓN PROMOCIÓN SOCIAL DE LA CULTURA","MODALIDAD":"CAD","ANYO":"2016","SECTOR_CAD":"311 AGRICULTURA","NUM":"SOLPCD/2016/0032"}
,{"_id":{"$oid":"5c066f64eea61886696b35a8"},"LINEA":"CONVOCATORIA DE DESARROLLO","SECTOR_DENOMINACION":"EDUCACIÓN PRIMARIA","TITULO":"MEJORADA LA CALIDAD EDUCATIVA DEL ALUMNADO DE SEGUNDO Y TERCER CICLO DE EDUCACIÓN BÁSICA, LA ORGANIZACIÓN COMUNITARIA Y LAS OPORTUNIDADES LABORALES DE LOS/LAS JÓVENES DEL MUNICIPIO DE SANTA ANA","PAIS":"EL SALVADOR","SUBVENCION_CONCEDIDA":88411.47,"TIPO_POBLACION":"INFANCIA,JUVENTUD, PERSONAS MAYORES.","ENTIDAD":"LIGA ESPAÑOLA DE LA EDUCACIÓN Y LA CULTURA POPULAR","MODALIDAD":"CAD","ANYO":"2016","SECTOR_CAD":"112 EDUCACIÓN BÁSICA","NUM":"SOLPCD/2016/0019"}
,{"_id":{"$oid":"5c066f64eea61886696b35a9"},"LINEA":"CONVOCATORIA DE DESARROLLO","SECTOR_DENOMINACION":"DESARROLLO AGRARIO","TITULO":"MEJORA DE LA SEGURIDAD ALIMENTARIA EN LA FRANJA DE GAZA A TRAVÉS LA REHABILITACIÓN DE TERRENOS AGRÍCOLAS E INVERNADEROS","PAIS":"TERRITORIOS PALESTINOS","SUBVENCION_CONCEDIDA":269062.47,"TIPO_POBLACION":"POBLACIÓN EN GENERAL","ENTIDAD":"FUNDACIÓN PROMOCIÓN SOCIAL DE LA CULTURA","MODALIDAD":"CAD","ANYO":"2016","SECTOR_CAD":"311 AGRICULTURA","NUM":"SOLPCD/2016/0032"}
,{"_id":{"$oid":"5c066f64eea61886696b35aa"},"LINEA":"CONVOCATORIA DE DESARROLLO","SECTOR_DENOMINACION":"ATENCIÓN SALUD REPRODUCTIVA","TITULO":"FORTALECIMIENTO DE LAS CAPACIDADES DE LAS INSTITUCIONES PÚBLICAS, LAS ORGANIZACIONES DE LA SOCIEDAD DIVIL Y LAS REDES COMUNITARIAS PARA LA MEJORA DEL EJERCICIO DE LOS DERECHOS SEXUALES Y REPRODUCTIVOS, CON EL PROPÓSITO DE CONTRIBUIR A LA PREVENCIÓN Y LUCHA CONTRA LA VIOLENCIA HACIA LAS MUJERES, NIÑAS, NIÑOS Y ADOLESCENTES EN LOS MUNICIPIOS DE MATAGALPA","PAIS":"NICARAGUA","SUBVENCION_CONCEDIDA":243046.79,"TIPO_POBLACION":"INFANCIA Y JUVENTUD, POBLACIÓN GENERAL, POBLACIÓN FEMENINA PERSONAL TÉCNICO Y PROFESIONALES","ENTIDAD":"MÉDICOS DEL MUNDO","MODALIDAD":"CAD","ANYO":"2016","SECTOR_CAD":"130 PROGRAMAS/POLÍTICAS SOBRE POBLACIÓN Y SALUD REPRODUCTIVA","NUM":"SOLPCD/2016/0020"}
,{"_id":{"$oid":"5c066f64eea61886696b35ab"},"LINEA":"CONVOCATORIA DE DESARROLLO","SECTOR_DENOMINACION":"PRODUCCIÓN ALIMENTOS AGRÍCOLAS","TITULO":"SEGURIDAD ALIMENTARIA NUTRICIONAL Y PROMOCIÓN DE LA SALUD COMUNITARIA EN 17 COMUNIDADES POBRES DEL MUNICIPIO DE POCOATA","PAIS":"BOLIVIA","SUBVENCION_CONCEDIDA":311897.35,"TIPO_POBLACION":"POBLACIÓN INDÍGENA.","ENTIDAD":"JARIT ASOCIACIÓN CIVIL","MODALIDAD":"CAD","ANYO":"2016","SECTOR_CAD":"311 AGRICULTURA","NUM":"SOLPCD/2016/0033"}
,{"_id":{"$oid":"5c066f64eea61886696b35ac"},"LINEA":"CONVOCATORIA DE DESARROLLO","SECTOR_DENOMINACION":"PRODUCCIÓN ALIMENTOS AGRÍCOLAS","TITULO":"SEGURIDAD ALIMENTARIA NUTRICIONAL Y PROMOCIÓN DE LA SALUD COMUNITARIA EN 17 COMUNIDADES POBRES DEL MUNICIPIO DE POCOATA","PAIS":"BOLIVIA","SUBVENCION_CONCEDIDA":311897.35,"TIPO_POBLACION":"POBLACIÓN INDÍGENA.","ENTIDAD":"JARIT ASOCIACIÓN CIVIL","MODALIDAD":"CAD","ANYO":"2016","SECTOR_CAD":"311 AGRICULTURA","NUM":"SOLPCD/2016/0033"}
,{"_id":{"$oid":"5c066f64eea61886696b35ad"},"LINEA":"CONVOCATORIA DE DESARROLLO","SECTOR_DENOMINACION":"ORGANIZACINES DE LA IGUALDAD DE LAS MUJERES","TITULO":"CONTRIBUYENDO A LA AUTONOMÍA ECONÓMICA DE LAS MUJERES Y EL DESARROLLO LOCAL INCLUSIVO EN EL DEPARTAMENTO DE COCHABAMBA","PAIS":"BOLIVIA","SUBVENCION_CONCEDIDA":242361.07,"TIPO_POBLACION":"POBLACIÓN INDÑIGENA ADULTA, HOMBRES Y MUJERES.","ENTIDAD":"FUNDACIÓN ALIANZA POR LOS DERECHOS, LA IGUALDAD Y LA SOLIDARIDAD INTERNACIONAL","MODALIDAD":"CAD","ANYO":"2016","SECTOR_CAD":"151 GOBIERNO Y SOCIEDAD CIVIL","NUM":"SOLPCD/2016/0034"}
,{"_id":{"$oid":"5c066f64eea61886696b35ae"},"LINEA":"CONVOCATORIA DE DESARROLLO","SECTOR_DENOMINACION":"ORGANIZACINES DE LA IGUALDAD DE LAS MUJERES","TITULO":"CONTRIBUYENDO A LA AUTONOMÍA ECONÓMICA DE LAS MUJERES Y EL DESARROLLO LOCAL INCLUSIVO EN EL DEPARTAMENTO DE COCHABAMBA","PAIS":"BOLIVIA","SUBVENCION_CONCEDIDA":242361.07,"TIPO_POBLACION":"POBLACIÓN INDÑIGENA ADULTA, HOMBRES Y MUJERES.","ENTIDAD":"FUNDACIÓN ALIANZA POR LOS DERECHOS, LA IGUALDAD Y LA SOLIDARIDAD INTERNACIONAL","MODALIDAD":"CAD","ANYO":"2016","SECTOR_CAD":"151 GOBIERNO Y SOCIEDAD CIVIL","NUM":"SOLPCD/2016/0034"}
,{"_id":{"$oid":"5c066f64eea61886696b35af"},"LINEA":"CONVOCATORIA DE DESARROLLO","SECTOR_DENOMINACION":"FORMACIÓN PROFESORES E INSTALACIONES EDUCATIVAS","TITULO":"MEJORA DE LA PRÁCTICA EDUCATIVA DE EDUCADORES Y EDUCADORAS PARA LA APLICACIÓN DEL MESC. COCHABAMBA. BOLIVIA","PAIS":"BOLIVIA","SUBVENCION_CONCEDIDA":80803.49,"TIPO_POBLACION":"POBLACIÓN INDÍGENA ADULTA, HOMBRES Y MUJERES.","ENTIDAD":"FUNDACIÓN INTERED","MODALIDAD":"CAD","ANYO":"2016","SECTOR_CAD":"111 EDUCACIÓN, NIVEL NO ESPECIFICADO","NUM":"SOLPCD/2016/0037"}
,{"_id":{"$oid":"5c066f64eea61886696b35b0"},"LINEA":"CONVOCATORIA DE DESARROLLO","SECTOR_DENOMINACION":"FORMACIÓN PROFESORES E INSTALACIONES EDUCATIVAS","TITULO":"MEJORA DE LA PRÁCTICA EDUCATIVA DE EDUCADORES Y EDUCADORAS PARA LA APLICACIÓN DEL MESC. COCHABAMBA. BOLIVIA","PAIS":"BOLIVIA","SUBVENCION_CONCEDIDA":80803.49,"TIPO_POBLACION":"POBLACIÓN INDÍGENA ADULTA, HOMBRES Y MUJERES.","ENTIDAD":"FUNDACIÓN INTERED","MODALIDAD":"CAD","ANYO":"2016","SECTOR_CAD":"111 EDUCACIÓN, NIVEL NO ESPECIFICADO","NUM":"SOLPCD/2016/0037"}
,{"_id":{"$oid":"5c066f64eea61886696b35b1"},"LINEA":"CONVOCATORIA DE DESARROLLO","SECTOR_DENOMINACION":"ABASTECIMIENTO BÁSICO DE AGUA POTABLE Y SANEAMIENTO","TITULO":"ACCESO Y MANEJO SUSTENTABLE DEL AGUA Y DE LAS ECOTECNOLOGÍAS DE SANEAMIENTO EN CINCO COMUNIDADES RURALES DEL MUNICIPIO DE COMASAGUA, DEPARTAMENTO DE LA LIBERTAD. EL SALVADOR","PAIS":"EL SALVADOR","SUBVENCION_CONCEDIDA":301389.73,"TIPO_POBLACION":"POBLACIÓN EN GENERAL(HOMBRES Y MUJERES)","ENTIDAD":"ASOCIACIÓN PAZ  CON DIGNIDAD (PCD)","MODALIDAD":"CAD","ANYO":"2016","SECTOR_CAD":"140 ABASTECIMIENTO DE AGUA Y SANEAMIENTO","NUM":"SOLPCD/2016/0038"}
,{"_id":{"$oid":"5c066f64eea61886696b35b2"},"LINEA":"CONVOCATORIA DE DESARROLLO","SECTOR_DENOMINACION":"ABASTECIMIENTO BÁSICO DE AGUA POTABLE Y SANEAMIENTO","TITULO":"ACCESO Y MANEJO SUSTENTABLE DEL AGUA Y DE LAS ECOTECNOLOGÍAS DE SANEAMIENTO EN CINCO COMUNIDADES RURALES DEL MUNICIPIO DE COMASAGUA, DEPARTAMENTO DE LA LIBERTAD. EL SALVADOR","PAIS":"EL SALVADOR","SUBVENCION_CONCEDIDA":301389.73,"TIPO_POBLACION":"POBLACIÓN EN GENERAL(HOMBRES Y MUJERES)","ENTIDAD":"ASOCIACIÓN PAZ  CON DIGNIDAD (PCD)","MODALIDAD":"CAD","ANYO":"2016","SECTOR_CAD":"140 ABASTECIMIENTO DE AGUA Y SANEAMIENTO","NUM":"SOLPCD/2016/0038"}
,{"_id":{"$oid":"5c066f64eea61886696b35b3"},"LINEA":"CONVOCATORIA DE DESARROLLO","SECTOR_DENOMINACION":"DERECHOS HUMANOS","TITULO":"EMPODERAMIENTO DE COMUNIDADES RURALES CON ENFOQUE DE DERECHOS, PARA EL IMPULSO DEL DESARROLLO SOSTENIBLE CON EQUIDAD DE GÉNERO EN GUATEMALA Y EL SALVADOR","PAIS":"GUATEMALA Y EL SALVADOR.","SUBVENCION_CONCEDIDA":192510.26,"TIPO_POBLACION":"POBLACIÓN INDÍGENA, MUJERES","ENTIDAD":"PERIFÈRIES DEL MÓN","MODALIDAD":"CAD","ANYO":"2016","SECTOR_CAD":"151 GOBIERNO Y SOCIEDAD CIVIL","NUM":"SOLPCD/2016/0050"}
,{"_id":{"$oid":"5c066f64eea61886696b35b4"},"LINEA":"CONVOCATORIA DE DESARROLLO","SECTOR_DENOMINACION":"DERECHOS HUMANOS","TITULO":"EMPODERAMIENTO DE COMUNIDADES RURALES CON ENFOQUE DE DERECHOS, PARA EL IMPULSO DEL DESARROLLO SOSTENIBLE CON EQUIDAD DE GÉNERO EN GUATEMALA Y EL SALVADOR","PAIS":"GUATEMALA Y EL SALVADOR.","SUBVENCION_CONCEDIDA":192510.26,"TIPO_POBLACION":"POBLACIÓN INDÍGENA, MUJERES","ENTIDAD":"PERIFÈRIES DEL MÓN","MODALIDAD":"CAD","ANYO":"2016","SECTOR_CAD":"151 GOBIERNO Y SOCIEDAD CIVIL","NUM":"SOLPCD/2016/0050"}
,{"_id":{"$oid":"5c066f64eea61886696b35b5"},"LINEA":"CONVOCATORIA DE DESARROLLO","SECTOR_DENOMINACION":"INDUSTRIA ARTESANAL","TITULO":"CREACIÓN DE EMPLEOS DIGNOS Y DURADEROS PARA MUJERES CON DIVERSIDAD FUNCIONAL EN LA REGIÓN NATURAL DE LA CASAMANCE, SENEGAL","PAIS":"SENEGAL","SUBVENCION_CONCEDIDA":152793.82,"TIPO_POBLACION":"MUJERES","ENTIDAD":"AIDA AYUDA INTERCAMBIO Y DESARROLLO","MODALIDAD":"CAD","ANYO":"2016","SECTOR_CAD":"321 INDUSTRIA","NUM":"SOLPCD/2016/0052"}
,{"_id":{"$oid":"5c066f64eea61886696b35b6"},"LINEA":"CONVOCATORIA DE DESARROLLO","SECTOR_DENOMINACION":"INDUSTRIA ARTESANAL","TITULO":"CREACIÓN DE EMPLEOS DIGNOS Y DURADEROS PARA MUJERES CON DIVERSIDAD FUNCIONAL EN LA REGIÓN NATURAL DE LA CASAMANCE, SENEGAL","PAIS":"SENEGAL","SUBVENCION_CONCEDIDA":152793.82,"TIPO_POBLACION":"MUJERES","ENTIDAD":"AIDA AYUDA INTERCAMBIO Y DESARROLLO","MODALIDAD":"CAD","ANYO":"2016","SECTOR_CAD":"321 INDUSTRIA","NUM":"SOLPCD/2016/0052"}
,{"_id":{"$oid":"5c066f64eea61886696b35b7"},"LINEA":"CONVOCATORIA DE DESARROLLO","SECTOR_DENOMINACION":"DERECHOS HUMANOS","TITULO":"PROMOCIÓN DE LA IGUALDAD DE GÉNERO EN ESPACIOS DE PARTICIPACIÓN COMUNITARIA Y GENERACIÓN DE CONOCIMIENTOS PARA LA CONSTRUCCIÓN DE CAPACIDADES COMO ESTRATEGIA DE TRANSFORMACIÓN DE LA SOCIEDAD GAZATI","PAIS":"TERRITORIOS PALESTINOS","SUBVENCION_CONCEDIDA":203599.75,"TIPO_POBLACION":"JUVENTUD Y ADULTOS, POBLACIÓN DESPLAZADA Y REFUGIADA.","ENTIDAD":"ASOCIACIÓN COMITÉ ESPAÑOL DE LA UNRWA","MODALIDAD":"CAD","ANYO":"2016","SECTOR_CAD":"151 GOBIERNO Y SOCIEDAD CIVIL","NUM":"SOLPCD/2016/0056"}
,{"_id":{"$oid":"5c066f64eea61886696b35b8"},"LINEA":"CONVOCATORIA DE DESARROLLO","SECTOR_DENOMINACION":"DERECHOS HUMANOS","TITULO":"PROMOCIÓN DE LA IGUALDAD DE GÉNERO EN ESPACIOS DE PARTICIPACIÓN COMUNITARIA Y GENERACIÓN DE CONOCIMIENTOS PARA LA CONSTRUCCIÓN DE CAPACIDADES COMO ESTRATEGIA DE TRANSFORMACIÓN DE LA SOCIEDAD GAZATI","PAIS":"TERRITORIOS PALESTINOS","SUBVENCION_CONCEDIDA":203599.75,"TIPO_POBLACION":"JUVENTUD Y ADULTOS, POBLACIÓN DESPLAZADA Y REFUGIADA.","ENTIDAD":"ASOCIACIÓN COMITÉ ESPAÑOL DE LA UNRWA","MODALIDAD":"CAD","ANYO":"2016","SECTOR_CAD":"151 GOBIERNO Y SOCIEDAD CIVIL","NUM":"SOLPCD/2016/0056"}
,{"_id":{"$oid":"5c066f64eea61886696b35b9"},"LINEA":"CONVOCATORIA DE DESARROLLO","SECTOR_DENOMINACION":"AYUDA ALIMENTARIA","TITULO":"PROMOCIÓN DE LA SEGURIDAD ALIMENTARIA Y EL EMPODERAMIENTO ECONÓMICO, POLÍTICO Y SOCIAL DE LAS MUJERES DE SANTA MARÍA DE PANTASMA","PAIS":"NICARAGUA","SUBVENCION_CONCEDIDA":320558.49,"TIPO_POBLACION":"ADULTOS, HOMBRES Y MUJERES","ENTIDAD":"FUNDACIÓN CODESPA","MODALIDAD":"CAD","ANYO":"2016","SECTOR_CAD":"520 AYUDA ALIMENTARIA PARA EL DESARROLLO/AYUDA A LA SEGURIDAD ALIMENTARIA","NUM":"SOLPCD/2016/0059"}
,{"_id":{"$oid":"5c066f64eea61886696b35ba"},"LINEA":"CONVOCATORIA DE DESARROLLO","SECTOR_DENOMINACION":"AYUDA ALIMENTARIA","TITULO":"PROMOCIÓN DE LA SEGURIDAD ALIMENTARIA Y EL EMPODERAMIENTO ECONÓMICO, POLÍTICO Y SOCIAL DE LAS MUJERES DE SANTA MARÍA DE PANTASMA","PAIS":"NICARAGUA","SUBVENCION_CONCEDIDA":320558.49,"TIPO_POBLACION":"ADULTOS, HOMBRES Y MUJERES","ENTIDAD":"FUNDACIÓN CODESPA","MODALIDAD":"CAD","ANYO":"2016","SECTOR_CAD":"520 AYUDA ALIMENTARIA PARA EL DESARROLLO/AYUDA A LA SEGURIDAD ALIMENTARIA","NUM":"SOLPCD/2016/0059"}
,{"_id":{"$oid":"5c066f64eea61886696b35bb"},"LINEA":"CONVOCATORIA DE DESARROLLO","SECTOR_DENOMINACION":"EDUCACIÓN PRIMARIA","TITULO":"MEJORA LA PERMANENCIA EN EL SISTEMA EDUCATIVO DE NIÑAS (651) Y NIÑOS (809) DE 14 COMUNIDADES, EN LOS MUNICIPIOS DE JOCOTÁN, CAMOTÁN Y SAN JUAN ERMITA (CHIQUIMULA, GUATEMALA)","PAIS":"GUATEMALA","SUBVENCION_CONCEDIDA":303886.2,"TIPO_POBLACION":"PERSONAS MAYORES, INFANCIA, JÓVENES, MUJERES","ENTIDAD":"FUNDACIÓN ENTRECULTURAS xu0096 FE Y ALEGRIA BOLIVIA","MODALIDAD":"CAD","ANYO":"2016","SECTOR_CAD":"112 EDUCACION BASICA","NUM":"SOLPCD/2016/0049"}
,{"_id":{"$oid":"5c066f64eea61886696b35bc"},"LINEA":"CONVOCATORIA DE DESARROLLO","SECTOR_DENOMINACION":"MUJER Y DESARROLLO","TITULO":"PROMOVER LA IGUALDAD DE GÉNERO Y EMPODERAMIENTO SOCIO-ECONÓMICO DE LA MUJER RURAL EN EL TERRITORIO OCUPADO PALESTINO","PAIS":"TERRITORIOS PALESTINOS","SUBVENCION_CONCEDIDA":309747,"TIPO_POBLACION":"INFANCIA, MUJERES Y POBLACIÓN EN GENERAL","ENTIDAD":"ASAMBLEA DE COOPERACIÓN POR LA PAZ (ACPP)","MODALIDAD":"CAD","ANYO":"2016","SECTOR_CAD":"151 GOBIERNO Y SOCIEDAD CIVIL","NUM":"SOLPCD/2016/0060"}
,{"_id":{"$oid":"5c066f64eea61886696b35bd"},"LINEA":"CONVOCATORIA DE DESARROLLO","SECTOR_DENOMINACION":"EDUCACIÓN PRIMARIA","TITULO":"MEJORA LA PERMANENCIA EN EL SISTEMA EDUCATIVO DE NIÑAS (651) Y NIÑOS (809) DE 14 COMUNIDADES, EN LOS MUNICIPIOS DE JOCOTÁN, CAMOTÁN Y SAN JUAN ERMITA (CHIQUIMULA, GUATEMALA)","PAIS":"GUATEMALA","SUBVENCION_CONCEDIDA":303886.12,"TIPO_POBLACION":"PERSONAS MAYORES, INFANCIA, JÓVENES, MUJERES","ENTIDAD":"FUNDACIÓN ENTRECULTURAS xu0096 FE Y ALEGRIA BOLIVIA","MODALIDAD":"CAD","ANYO":"2016","SECTOR_CAD":"112 EDUCACION BASICA","NUM":"SOLPCD/2016/0049"}
,{"_id":{"$oid":"5c066f64eea61886696b35be"},"LINEA":"CONVOCATORIA DE DESARROLLO","SECTOR_DENOMINACION":"MUJER Y DESARROLLO","TITULO":"PROMOVER LA IGUALDAD DE GÉNERO Y EMPODERAMIENTO SOCIO-ECONÓMICO DE LA MUJER RURAL EN EL TERRITORIO OCUPADO PALESTINO","PAIS":"TERRITORIOS PALESTINOS","SUBVENCION_CONCEDIDA":309747,"TIPO_POBLACION":"INFANCIA, MUJERES Y POBLACIÓN EN GENERAL","ENTIDAD":"ASAMBLEA DE COOPERACIÓN POR LA PAZ (ACPP)","MODALIDAD":"CAD","ANYO":"2016","SECTOR_CAD":"151 GOBIERNO Y SOCIEDAD CIVIL","NUM":"SOLPCD/2016/0060"}
,{"_id":{"$oid":"5c066f64eea61886696b35bf"},"LINEA":"CONVOCATORIA DE DESARROLLO","SECTOR_DENOMINACION":"ABASTECIMIENTO BÁSICO DE AGUA POTABLE","TITULO":"AUMENTO DEL ACCESO BÁSICO A AGUA EN SIETE COMUNIDADES DE SAN ILDEFONSO IXTAHUACAN, GUATEMALA. ACOMPAÑADO DE FORMACIÓN EN CALIDAD Y GESTIÓN DEL RECURSO HÍDRICO","PAIS":"GUATEMALA","SUBVENCION_CONCEDIDA":273947,"TIPO_POBLACION":"MUJERES Y POBLACIÓN INDÍGENA.","ENTIDAD":"ARQUITECTURA SIN FRONTERAS","MODALIDAD":"CAD","ANYO":"2016","SECTOR_CAD":"140 ABASTECIMIENTO DE AGUA Y SANEAMIENTO","NUM":"SOLPCD/2016/0067"}
,{"_id":{"$oid":"5c066f64eea61886696b35c0"},"LINEA":"CONVOCATORIA DE DESARROLLO","SECTOR_DENOMINACION":"ABASTECIMIENTO BÁSICO DE AGUA POTABLE","TITULO":"AUMENTO DEL ACCESO BÁSICO A AGUA EN SIETE COMUNIDADES DE SAN ILDEFONSO IXTAHUACAN, GUATEMALA. ACOMPAÑADO DE FORMACIÓN EN CALIDAD Y GESTIÓN DEL RECURSO HÍDRICO","PAIS":"GUATEMALA","SUBVENCION_CONCEDIDA":273947,"TIPO_POBLACION":"MUJERES Y POBLACIÓN INDÍGENA.","ENTIDAD":"ARQUITECTURA SIN FRONTERAS","MODALIDAD":"CAD","ANYO":"2016","SECTOR_CAD":"140 ABASTECIMIENTO DE AGUA Y SANEAMIENTO","NUM":"SOLPCD/2016/0067"}
,{"_id":{"$oid":"5c066f64eea61886696b35c1"},"LINEA":"CONVOCATORIA DE DESARROLLO","SECTOR_DENOMINACION":"ELIMINACIÓN-TRATAMIENTO DE RESIDUOS SÓLIDOS","TITULO":"GESTIÓN SOSTENIBLE Y EQUITATIVA DEL SANEAMIENTO AMBIENTAL, FORTALECIENDO LA GOBERNANZA MUNICIPAL Y LA PARTICIPACIÓN COMUNITARIA EN LOS MUNICIPIOS DE TOROLA, SAN FERNANDO, PERQUÍN Y MEANGUERA. EL SALVADOR","PAIS":"EL SALVADOR","SUBVENCION_CONCEDIDA":317332,"TIPO_POBLACION":"MUJERES,JÓVENES","ENTIDAD":"SOLIDARIDAD INTERNACIONAL DEL PAÍS VALENCIANO","MODALIDAD":"CAD","ANYO":"2016","SECTOR_CAD":"140 ABASTECIMIENTO DE AGUA Y SANEAMIENTO","NUM":"SOLPCD/2016/0072"}
,{"_id":{"$oid":"5c066f64eea61886696b35c2"},"LINEA":"CONVOCATORIA DE DESARROLLO","SECTOR_DENOMINACION":"ELIMINACIÓN-TRATAMIENTO DE RESIDUOS SÓLIDOS","TITULO":"GESTIÓN SOSTENIBLE Y EQUITATIVA DEL SANEAMIENTO AMBIENTAL, FORTALECIENDO LA GOBERNANZA MUNICIPAL Y LA PARTICIPACIÓN COMUNITARIA EN LOS MUNICIPIOS DE TOROLA, SAN FERNANDO, PERQUÍN Y MEANGUERA. EL SALVADOR","PAIS":"EL SALVADOR","SUBVENCION_CONCEDIDA":317332,"TIPO_POBLACION":"MUJERES,JÓVENES","ENTIDAD":"SOLIDARIDAD INTERNACIONAL DEL PAÍS VALENCIANO","MODALIDAD":"CAD","ANYO":"2016","SECTOR_CAD":"140 ABASTECIMIENTO DE AGUA Y SANEAMIENTO","NUM":"SOLPCD/2016/0072"}
,{"_id":{"$oid":"5c066f64eea61886696b35c3"},"LINEA":"CONVOCATORIA DE DESARROLLO","SECTOR_DENOMINACION":"DESARROLLO AGRARIO ALTERNATIVO","TITULO":"FORTALECIDA LA SOBERANÍA ALIMENTARIA CON EQUIDAD DE GÉNERO EN EL DEPARTAMENTO DE MYF, REGIÓN DE KOLDA, SENEGAL","PAIS":"SENEGAL","SUBVENCION_CONCEDIDA":366993,"TIPO_POBLACION":"MUJERES","ENTIDAD":"SOLIDARIDAD INTERNACIONAL DEL PAÍS VALENCIANO","MODALIDAD":"CAD","ANYO":"2016","SECTOR_CAD":"311 AGRICULTURA","NUM":"SOLPCD/2016/0073"}
,{"_id":{"$oid":"5c066f64eea61886696b35c4"},"LINEA":"CONVOCATORIA DE DESARROLLO","SECTOR_DENOMINACION":"DESARROLLO AGRARIO ALTERNATIVO","TITULO":"FORTALECIDA LA SOBERANÍA ALIMENTARIA CON EQUIDAD DE GÉNERO EN EL DEPARTAMENTO DE MYF, REGIÓN DE KOLDA, SENEGAL","PAIS":"SENEGAL","SUBVENCION_CONCEDIDA":366993,"TIPO_POBLACION":"MUJERES","ENTIDAD":"SOLIDARIDAD INTERNACIONAL DEL PAÍS VALENCIANO","MODALIDAD":"CAD","ANYO":"2016","SECTOR_CAD":"311 AGRICULTURA","NUM":"SOLPCD/2016/0073"}
,{"_id":{"$oid":"5c066f64eea61886696b35c5"},"LINEA":"CONVOCATORIA DE DESARROLLO","SECTOR_DENOMINACION":"MUJER Y DESARROLLO AGRARIO","TITULO":"MEJORA DE LAS CONDICIONES DE TRABAJO Y LA PRODUCTIVIDAD DE 1,133 MUJERES PRODUCTORAS DE KARITÉ EN LA PROVINCIA DE ZIRO, BURKINA FASO: FASE II","PAIS":"BURKINA FASO","SUBVENCION_CONCEDIDA":159886,"TIPO_POBLACION":"MUJERES","ENTIDAD":"CRUZ ROJA COMUNIDAD VALENCIANA","MODALIDAD":"CAD","ANYO":"2016","SECTOR_CAD":"311 AGRICULTURA","NUM":"SOLPCD/2016/0074"}
,{"_id":{"$oid":"5c066f64eea61886696b35c6"},"LINEA":"CONVOCATORIA DE DESARROLLO","SECTOR_DENOMINACION":"DERECHOS HUMANOS","TITULO":"FORTALECIMEINTO DE CAPACIDADES DE LAS REDES DE DEFENSORES/AS DE DDHH CON ENFOQUE DE GÉNERO EN EL SUROCCIDENTE DE GUATEMALA.","PAIS":"GUATEMALA","SUBVENCION_CONCEDIDA":51280,"TIPO_POBLACION":"POBLACIÓN INDÍGENA.","ENTIDAD":"MOVIMIENTO POR LA PAZ, EL DESARME Y LA LIBERTAD xu0096 MPDL","MODALIDAD":"CAD","ANYO":"2016","SECTOR_CAD":"151 GOBIERNO Y SOCIEDAD CIVIL","NUM":"SOLPCD/2016/46"}
,{"_id":{"$oid":"5c066f64eea61886696b35c7"},"LINEA":"CONVENIO DE COLABORACIÓN","SECTOR_DENOMINACION":"AYUDA Y SERVICIOS MATERIALES DE EMERGENCIA","TITULO":"xu0093MEJORA DEL ACCESO AL DERECHO A LA EDUCACIÓN PRIMARIA DE LA POBLACIÓN INFANTIL AFECTADA POR LA EMERGENCIA EN SIRIAxu0094.","PAIS":"PAÍSES EN SITUACIÓN DE EMERGENCIA HUMANITARIA","SUBVENCION_CONCEDIDA":150,"TIPO_POBLACION":"POBLACIÓN EN GENERAL","ENTIDAD":"UNRWA","MODALIDAD":"CONVENIOS","ANYO":"2016","SECTOR_CAD":"720 AYUDAS DE EMERGENCIA","NUM":"SOLCHU/2016/0001"}
,{"_id":{"$oid":"5c066f64eea61886696b35c8"},"LINEA":"CONVENIO DE COLABORACIÓN","SECTOR_DENOMINACION":"AYUDA Y SERVICIOS MATERIALES DE EMERGENCIA","TITULO":"xu0093MEJORA DEL ACCESO AL DERECHO A LA EDUCACIÓN PRIMARIA DE LA POBLACIÓN INFANTIL AFECTADA POR LA EMERGENCIA EN SIRIAxu0094.","PAIS":"PAÍSES EN SITUACIÓN DE EMERGENCIA HUMANITARIA","SUBVENCION_CONCEDIDA":150,"TIPO_POBLACION":"POBLACIÓN EN GENERAL","ENTIDAD":"UNRWA","MODALIDAD":"CONVENIOS","ANYO":"2016","SECTOR_CAD":"720 AYUDAS DE EMERGENCIA","NUM":"SOLCHU/2016/0001"}
,{"_id":{"$oid":"5c066f64eea61886696b35c9"},"LINEA":"CONVENIO DE COLABORACIÓN","SECTOR_DENOMINACION":"AYUDA Y SERVICIOS MATERIALES DE EMERGENCIA","TITULO":"xu0093ACCIÓN HUMANITARIA A TRAVÉS DEL CENTRO LOGÍSTICO DE EMERGENCIAS INTERNACIONALES DE LA COMUNIDAD VALENCIANA - AÑO 2016xu0094.","PAIS":"PAÍSES EN SITUACIÓN DE EMERGENCIA HUMANITARIA","SUBVENCION_CONCEDIDA":22500,"TIPO_POBLACION":"POBLACIÓN EN GENERAL","ENTIDAD":"CRUZ ROJA","MODALIDAD":"CONVENIOS","ANYO":"2016","SECTOR_CAD":"720 AYUDAS DE EMERGENCIA","NUM":"SOLCHU/2016/0002"}
,{"_id":{"$oid":"5c066f64eea61886696b35ca"},"LINEA":"CONVOCATORIA DE DESARROLLO","SECTOR_DENOMINACION":"MUJER Y DESARROLLO AGRARIO","TITULO":"MEJORA DE LAS CONDICIONES DE TRABAJO Y LA PRODUCTIVIDAD DE 1,133 MUJERES PRODUCTORAS DE KARITÉ EN LA PROVINCIA DE ZIRO, BURKINA FASO: FASE II","PAIS":"BURKINA FASO","SUBVENCION_CONCEDIDA":159886,"TIPO_POBLACION":"MUJERES","ENTIDAD":"CRUZ ROJA COMUNIDAD VALENCIANA","MODALIDAD":"CAD","ANYO":"2016","SECTOR_CAD":"311 AGRICULTURA","NUM":"SOLPCD/2016/0074"}
,{"_id":{"$oid":"5c066f64eea61886696b35cb"},"LINEA":"CONVENIO DE COLABORACIÓN","SECTOR_DENOMINACION":"AYUDA Y SERVICIOS MATERIALES DE EMERGENCIA","TITULO":"xu0093ACCIÓN HUMANITARIA A TRAVÉS DEL CENTRO LOGÍSTICO DE EMERGENCIAS INTERNACIONALES DE LA COMUNIDAD VALENCIANA - AÑO 2016xu0094.","PAIS":"PAÍSES EN SITUACIÓN DE EMERGENCIA HUMANITARIA","SUBVENCION_CONCEDIDA":22500,"TIPO_POBLACION":"POBLACIÓN EN GENERAL","ENTIDAD":"CRUZ ROJA","MODALIDAD":"CONVENIOS","ANYO":"2016","SECTOR_CAD":"720 AYUDAS DE EMERGENCIA","NUM":"SOLCHU/2016/0002"}
,{"_id":{"$oid":"5c066f64eea61886696b35cc"},"LINEA":"CONVENIO DE COLABORACIÓN","SECTOR_DENOMINACION":"AYUDA Y SERVICIOS MATERIALES DE EMERGENCIA","TITULO":"xu0093EJECUCIÓN DE INTERVENCIONES PARA GARANTIZAR LA ATENCIÓN HUMANITARIA DE CARÁCTER SOCIOSANITARIO A LA POBLACIÓN EN SITUACIÓN DE MAYOR VULNERABILIDAD ANTE CRISIS DE ORIGEN NATURAL O HUMANO, EN EL AÑO 2016xu0094.","PAIS":"PAÍSES EN SITUACIÓN DE EMERGENCIA HUMANITARIA","SUBVENCION_CONCEDIDA":160000,"TIPO_POBLACION":"POBLACIÓN EN GENERAL","ENTIDAD":"FARMAMUNDI","MODALIDAD":"CONVENIOS","ANYO":"2016","SECTOR_CAD":"720 AYUDAS DE EMERGENCIA","NUM":"SOLCHU/2016/0003"}
,{"_id":{"$oid":"5c066f64eea61886696b35cd"},"LINEA":"CONVENIO DE COLABORACIÓN","SECTOR_DENOMINACION":"AYUDA Y SERVICIOS MATERIALES DE EMERGENCIA","TITULO":"xu0093ATENCIÓN INTEGRAL A NIÑOS Y NIÑAS VINCULADOS CON FUERZAS Y GRUPOS ARMADOS xu0096 REPÚBLICA CENTROAFRICANAxu0094.","PAIS":"PAÍSES EN SITUACIÓN DE EMERGENCIA HUMANITARIA","SUBVENCION_CONCEDIDA":155000,"TIPO_POBLACION":"POBLACIÓN EN GENERAL","ENTIDAD":"UNICEF","MODALIDAD":"CONVENIOS","ANYO":"2016","SECTOR_CAD":"720 AYUDAS DE EMERGENCIA","NUM":"SOLCHU/2016/0004"}
,{"_id":{"$oid":"5c066f64eea61886696b35ce"},"LINEA":"CONVENIO DE COLABORACIÓN","SECTOR_DENOMINACION":"AYUDA Y SERVICIOS MATERIALES DE EMERGENCIA","TITULO":"xu0093ASISTENCIA BÁSICA PARA POBLACIÓN REFUGIADA SIRIA EN JORDANIAxu0094.","PAIS":"PAÍSES EN SITUACIÓN DE EMERGENCIA HUMANITARIA","SUBVENCION_CONCEDIDA":"150.000,00 xu0080","TIPO_POBLACION":"POBLACIÓN EN GENERAL","ENTIDAD":"ACNUR","MODALIDAD":"CONVENIOS","ANYO":"2016","SECTOR_CAD":"720 AYUDAS DE EMERGENCIA","NUM":"SOLCHU/2016/0005"}
,{"_id":{"$oid":"5c066f64eea61886696b35cf"},"LINEA":"CONVENIO DE COLABORACIÓN","SECTOR_DENOMINACION":"AYUDA Y SERVICIOS MATERIALES DE EMERGENCIA","TITULO":"xu0093ATENCIÓN INTEGRAL A NIÑOS Y NIÑAS VINCULADOS CON FUERZAS Y GRUPOS ARMADOS xu0096 REPÚBLICA CENTROAFRICANAxu0094.","PAIS":"PAÍSES EN SITUACIÓN DE EMERGENCIA HUMANITARIA","SUBVENCION_CONCEDIDA":155000,"TIPO_POBLACION":"POBLACIÓN EN GENERAL","ENTIDAD":"UNICEF","MODALIDAD":"CONVENIOS","ANYO":"2016","SECTOR_CAD":"720 AYUDAS DE EMERGENCIA","NUM":"SOLCHU/2016/0004"}
,{"_id":{"$oid":"5c066f64eea61886696b35d0"},"LINEA":"CONVENIO DE COLABORACIÓN","SECTOR_DENOMINACION":"AYUDA Y SERVICIOS MATERIALES DE EMERGENCIA","TITULO":"xu0093EJECUCIÓN DE INTERVENCIONES PARA GARANTIZAR LA ATENCIÓN HUMANITARIA DE CARÁCTER SOCIOSANITARIO A LA POBLACIÓN EN SITUACIÓN DE MAYOR VULNERABILIDAD ANTE CRISIS DE ORIGEN NATURAL O HUMANO, EN EL AÑO 2016xu0094.","PAIS":"PAÍSES EN SITUACIÓN DE EMERGENCIA HUMANITARIA","SUBVENCION_CONCEDIDA":160000,"TIPO_POBLACION":"POBLACIÓN EN GENERAL","ENTIDAD":"FARMAMUNDI","MODALIDAD":"CONVENIOS","ANYO":"2016","SECTOR_CAD":"720 AYUDAS DE EMERGENCIA","NUM":"SOLCHU/2016/0003"}
,{"_id":{"$oid":"5c0671a6e75fb91da00ddf53"},"LINEA":"CONVENIO DE COLABORACIÓN","SECTOR_DENOMINACION":"72010 AYUDA Y SERVICIOS MATERIALES DE EMERGENCIA ","TITULO":"GARANTIZAR LA PRESTACIÓN DE UNA ACCIÓN HUMANITARIA QUE CONTRIBUYA A ALIVIAR EL SUFRIMIENTO HUMANO Y A FORTALECER LA CAPACIDAD DE RESILIENCIA EN SALUD DE LAS PERSONAS AFECTADAS POR UNA CRISIS HUMANITARIA DE ORIGEN NATURAL O HUMANO, EN EL AÑO 2017","PAIS":"ESPAÑA","SUBVENCION_CONCEDIDA":200000.0,"TIPO_POBLACION":"POBLACIÓN GENERAL","ENTIDAD":"FARMAMUNDI","MODALIDAD":"CONVENIOS","ANYO":"2017","SECTOR_CAD":"720 AYUDAS DE EMERGENCIA","NUM":"SOLCHU/2017/0002"}
,{"_id":{"$oid":"5c0671a6e75fb91da00ddf54"},"LINEA":"CONVENIO DE COLABORACIÓN","SECTOR_DENOMINACION":"72010 AYUDA Y SERVICIOS MATERIALES DE EMERGENCIA ","TITULO":"BÚSQUEDA Y RESCATE MARINO- SAR (SEARCH AND RESCUE) SALVAR VIDAS EN EL MEDITERRÁNEO?","PAIS":"MEDITERRANEO","SUBVENCION_CONCEDIDA":100000.0,"TIPO_POBLACION":"POBLACIÓN GENERAL","ENTIDAD":"SAVE THE CHILDREN","MODALIDAD":"CONVENIOS","ANYO":"2017","SECTOR_CAD":"720 AYUDAS DE EMERGENCIA","NUM":"SOLCHU/2017/0003"}
,{"_id":{"$oid":"5c0671a6e75fb91da00ddf55"},"LINEA":"CONVENIO DE COLABORACIÓN","SECTOR_DENOMINACION":"72010 AYUDA Y SERVICIOS MATERIALES DE EMERGENCIA ","TITULO":"ATENCIÓN A NIÑOS Y NIÑAS VÍCTIMAS DE VIOLENCIA BASADA EN EL GÉNERO Y EXPLOTACIÓN SEXUAL EN REPÚBLICA CENTROAFRICANA","PAIS":"REPÚBLICA CENTROAFRICANA","SUBVENCION_CONCEDIDA":200000.0,"TIPO_POBLACION":"POBLACIÓN GENERAL","ENTIDAD":"UNICEF","MODALIDAD":"CONVENIOS","ANYO":"2017","SECTOR_CAD":"720 AYUDAS DE EMERGENCIA","NUM":"SOLCHU/2017/0004"}
,{"_id":{"$oid":"5c0671a6e75fb91da00ddf56"},"LINEA":"CONVENIO DE COLABORACIÓN","SECTOR_DENOMINACION":"72010 AYUDA Y SERVICIOS MATERIALES DE EMERGENCIA ","TITULO":" MEJORA DEL ACCESO AL DERECHO A LA EDUCACIÓN PRIMARIA DE LA POBLACIÓN INFANTIL AFECTADA POR LA EMERGENCIA EN SIRIA. FASE II.","PAIS":"SIRIA","SUBVENCION_CONCEDIDA":175000.0,"TIPO_POBLACION":"POBLACIÓN GENERAL","ENTIDAD":"UNRWA","MODALIDAD":"CONVENIOS","ANYO":"2017","SECTOR_CAD":"720 AYUDAS DE EMERGENCIA","NUM":"SOLCHU/2017/0005"}
,{"_id":{"$oid":"5c0671a6e75fb91da00ddf57"},"LINEA":"CONVENIO DE COLABORACIÓN","SECTOR_DENOMINACION":"72010 AYUDA Y SERVICIOS MATERIALES DE EMERGENCIA ","TITULO":"ASISTENCIA BÁSICA PARA POBLACIÓN REFUGIADA SIRIA EN JORDANIA 2017?","PAIS":"JORDANIA","SUBVENCION_CONCEDIDA":175000.0,"TIPO_POBLACION":"POBLACIÓN GENERAL","ENTIDAD":"ACNUR","MODALIDAD":"CONVENIOS","ANYO":"2017","SECTOR_CAD":"720 AYUDAS DE EMERGENCIA","NUM":"SOLCHU/2017/0006"}
,{"_id":{"$oid":"5c0671a6e75fb91da00ddf58"},"LINEA":"CONVENIO DE COLABORACIÓN","SECTOR_DENOMINACION":"72010 AYUDA Y SERVICIOS MATERIALES DE EMERGENCIA ","TITULO":"AJUDA HUMANITÀRIA: ALIMENTS I MILLORA DEL SUBMINISTRAMENT D?AIGUA ALS CAMPAMENTS DE POBLACIÓ REFUGIADA SAHARAUI 2017?","PAIS":"POBLACION SAHARAUI","SUBVENCION_CONCEDIDA":200000.0,"TIPO_POBLACION":"POBLACIÓN GENERAL","ENTIDAD":"FASP","MODALIDAD":"CONVENIOS","ANYO":"2017","SECTOR_CAD":"720 AYUDAS DE EMERGENCIA","NUM":"SOLCHU/2017/0012"}
,{"_id":{"$oid":"5c0671a6e75fb91da00ddf59"},"LINEA":"CONVENIO DE COLABORACIÓN","SECTOR_DENOMINACION":"1118200-INVESTIGACIÓN EDUCATIVA","TITULO":"COOPERACIÓN UNIVERSITARIA AL DESARROLLO 2017-UNIVERSITAT DE VALÈNCIA","PAIS":"ESPAÑA","SUBVENCION_CONCEDIDA":130000.0,"TIPO_POBLACION":"POBLACIÓN GENERAL","ENTIDAD":"U. VALENCIA","MODALIDAD":"CONVENIOS","ANYO":"2017","SECTOR_CAD":" 111 -EDUCACIÓN, NIVEL NO ESPECIFICADO","NUM":"SOLCIF/2017/0001"}
,{"_id":{"$oid":"5c0671a6e75fb91da00ddf5a"},"LINEA":"CONVENIO DE COLABORACIÓN","SECTOR_DENOMINACION":"1118200-INVESTIGACIÓN EDUCATIVA","TITULO":"PROGRAMA DE COOPERACIÓ UNIVERSITÀRIA PER AL DESENVOLUPAMENT 2017.","PAIS":"ESPAÑA","SUBVENCION_CONCEDIDA":130000.0,"TIPO_POBLACION":"POBLACIÓN GENERAL","ENTIDAD":"UPV","MODALIDAD":"CONVENIOS","ANYO":"2017","SECTOR_CAD":" 111 -EDUCACIÓN, NIVEL NO ESPECIFICADO","NUM":"SOLCIF/2017/0002"}
]